dataset_id,name,family,source,task_type,params,seed,schema_version,n_channels,length,horizon,missing_frac,irregular_sampling,mean,std,skew,kurtosis,ac_timescale,ami_first_min,mem_capacity,mem_capacity_valid,r2_linear,nl_gain,snr_db,snr_valid,lyapunov,lyapunov_valid,zero_one_K,zero_one_valid,spectral_entropy,dom_freq,spectral_flatness,adf_p,kpss_p,n_diffs,dfa_alpha,dfa_valid,perm_entropy,sample_entropy,hurst_rs,forecastability,pred_nrmse_gbm,true_lyapunov,true_memory_order,true_n_frequencies,true_hurst,is_chaotic,nrmse_linear,nrmse_esn_matched,nrmse_qrc_spin,nrmse_gbm,qrc_advantage
mackey_glass_tau30_s000:1100:800,mackey_glass_tau30_s000,chaotic_flow,synthetic,forecast,"{'generator': 'mackey_glass', 'tau': 30}",1100,v2,1,800,13,0.0,False,9.516197353929913e-17,1.0,-0.544870460176444,-0.5475736985686881,13.0,13.0,,False,0.999962508330263,-0.007929307390971418,16.55673298752804,True,0.38897004874652225,True,0.7966727330556315,True,0.4205717514260424,0.014285714285714285,5.009383125968727e-07,0.001,0.95,0,1.4355832785399978,True,0.4089742760087041,0.3961311081781385,0.9153902853182159,0.5794282485739576,0.08925692724213864,,,,,1.0,0.7815001653465071,0.5998091707830737,1.014377566131099,0.6711695652256452,-0.41456839534802525
lorenz63_rho39.72_s000:1200:800,lorenz63_rho39.72_s000,chaotic_flow,synthetic,forecast,"{'generator': 'lorenz63', 'rho': 39.72130877801641, 'dt': 0.02}",1200,v2,1,800,12,0.0,False,-1.9032394707859827e-17,1.0,-0.16484364664147108,-0.7074896194894129,12.0,7.0,,False,0.9999686158794663,-0.009989364734517947,23.659895105142688,True,2.7891764722028896,True,0.9441688551809523,True,0.4881899671653482,0.0035714285714285713,5.116778634374842e-08,0.001,0.7589656567673865,0,1.318574782345251,True,0.3516648812890706,0.35274992354883483,0.8070401907526235,0.5118100328346518,0.10010369051664182,,,,,1.0,0.6709189030392375,0.5772358120143065,0.5892914180128608,0.3144130201181699,-0.012055605998554264
rossler_c8.57_s000:1300:800,rossler_c8.57_s000,chaotic_flow,synthetic,forecast,"{'generator': 'rossler', 'c': 8.571754164281877, 'dt': 0.05}",1300,v2,1,800,21,0.0,False,3.172065784643304e-17,0.9999999999999999,0.26227765193156105,0.4921395433747686,21.0,19.0,,False,0.9999990710131527,-0.005695030898616116,9.840941950625597,True,0.13280091485975973,True,0.062462615374886024,True,0.3902864297281316,0.008928571428571428,1.9016569262805914e-08,0.001,0.95,0,1.6788731380338084,True,0.28194019715110896,0.14419123825504554,1.0051942953484936,0.6097135702718683,0.07547158329771175,,,,,1.0,0.2588645057165977,0.12102281316406738,0.19483530949361189,0.33987019520247236,-0.07381249632954451
logistic_r3.6228_s000:1400:800,logistic_r3.6228_s000,chaotic_map,synthetic,forecast,"{'generator': 'logistic', 'r': 3.622777557771053}",1400,v2,1,800,186,0.0,False,1.5860328923216522e-16,1.0,-0.2553255782091408,-1.586075467819386,186.0,3.0,,False,0.9394829512375392,0.05854503445801118,30.201217296265103,True,0.20538062695688675,True,0.6545467079308198,True,0.2763491219460964,0.5,0.032996318449877396,0.001,0.8048853007177104,0,0.023077578259184627,True,0.4836962538226018,0.21764543561812214,0.14549100482664729,0.7236508780539036,0.04440736768205985,0.2068362225788556,,,,1.0,0.37121512973017523,0.40609512059980424,0.39965322517507357,0.3795639320534477,0.00644189542473067
henon_a1.078_s000:1500:800,henon_a1.078_s000,chaotic_map,synthetic,forecast,"{'generator': 'henon', 'a': 1.077998830501848, 'b': 0.3}",1500,v2,1,800,186,0.0,False,-5.3925118338936174e-17,1.0,-0.16122616026800923,-1.6244258385686459,186.0,3.0,,False,0.9848389728095297,0.013752399698824913,30.387527142000387,True,0.13913658950588137,True,0.1172716493380449,True,0.20460978826008577,0.5,0.006945105024765135,0.001,0.029735217970424204,0,0.007623354433419938,True,0.43620706446955015,0.16876945859591383,0.05522332581956354,0.7953902117399142,0.03753168650147957,0.12873133830501995,,,,1.0,0.14799235196051824,0.13994908472085862,0.7517750217966442,0.15933825907644106,-0.6118259370757856
narma02_s000:1600:800,narma02_s000,input_driven,synthetic,input_driven,"{'generator': 'narma', 'order': 2}",1600,v2,1,800,1,0.0,False,-1.0277493142244307e-15,1.0,1.033911518072528,0.46608264636352637,1.0,4.0,12.004136087638814,True,0.8177046860097749,0.10311233815094412,6.931839026761059,True,0.13515571580126448,True,0.9986863210737866,True,0.9171613477419873,0.35535714285714287,0.5010895210803036,0.001,0.8536516699818618,0,0.4789066533238231,True,0.9933610952610636,2.1343572992759507,0.5885754601859369,0.08283865225801268,0.28139469760335045,,2.0,,,,0.35335246990114466,0.12234161150837458,0.6571543866495185,0.21277590817703107,-0.534812775141144
linear_memory_lag01_s000:1700:800,linear_memory_lag01_s000,input_driven,synthetic,input_driven,"{'generator': 'linear_memory', 'lag': 1}",1700,v2,1,800,1,0.0,False,-1.586032892321652e-17,1.0,0.09121397462723736,-1.135430994200293,1.0,4.0,18.993866356371395,True,0.9996235243517758,-0.000773960942343499,6.508517403005491,True,0.14052286141154594,True,0.9971631949655975,True,0.9189078563185492,0.39999999999999997,0.5373590762471109,0.001,0.7259960413107088,0,0.5324917077783136,True,0.9947755439780473,2.263645747288407,0.5951179558980738,0.08109214368145079,0.03391808648151664,,1.0,,,,0.01922443915765222,0.04667791152560755,0.5082092625196554,0.02615637168310184,-0.4615313509940478
nonlinear_ipc_d3_l17_s000:1800:800,nonlinear_ipc_d3_l17_s000,input_driven,synthetic,input_driven,"{'generator': 'nonlinear_ipc', 'degree': 3, 'lags': [1, 8, 17]}",1800,v2,1,800,1,0.0,False,3.172065784643304e-17,1.0,-0.16472113617565998,0.712635667969693,1.0,3.0,10.600164608058614,True,0.8173609086545676,0.03530328456753984,2.9184872123810575,True,0.1624062166560085,True,0.9979163884341654,True,0.9255902572301886,0.48214285714285715,0.5665770174621624,0.001,0.6593600727215847,0,0.495578953935625,True,0.9935753723127031,2.1393019296035147,0.565952955608773,0.07440974276981138,0.3838434665041111,,17.0,,,,0.3745000258281651,0.635956757509237,0.7949782451376141,0.29617319835065375,-0.1590214876283771
mso2_s000:1900:800,mso2_s000,oscillatory,synthetic,forecast,"{'generator': 'mso', 'n_freqs': 2}",1900,v2,1,800,5,0.0,False,-4.123685520036296e-17,1.0,0.012224819610933491,-0.7402938093816549,5.0,7.0,,False,0.9999999999990609,-0.039516266982712045,11.23824488541058,True,0.29936203404267653,True,0.9439548957560107,True,0.27686758319732446,0.04642857142857143,1.220323314805731e-10,0.001,0.95,0,0.7117003716021919,True,0.4564737647396432,0.5069940452798256,0.46792210786869165,0.7231324168026756,0.1987869889697291,,,2.0,,,3.083616436284671e-11,0.027947520977872717,0.3758686678107325,0.47757251795156774,-0.3479211468328598
quasi_periodic2_s000:2000:800,quasi_periodic2_s000,oscillatory,synthetic,forecast,"{'generator': 'quasi_periodic', 'n_freqs': 2}",2000,v2,1,800,5,0.0,False,-2.8548592061789737e-17,1.0,-0.009840793826523982,-0.7522267013655561,5.0,6.0,,False,0.9999999999987317,-0.020379012061668034,18.864231320967072,True,0.323162901545844,True,0.9916906976295428,True,0.2768589849309441,0.04642857142857143,1.1027833197345633e-10,0.001,0.9322109882495675,0,0.7005761827742554,True,0.44973475342717645,0.5587105319577548,0.4499676239666999,0.7231410150690559,0.14275507718794567,,,2.0,,,3.99865294428625e-11,0.010580988851462064,0.2611435489054257,0.3528865864146336,-0.2505625600539636
ar2_s000:2100:800,ar2_s000,linear_stochastic,synthetic,forecast,"{'generator': 'ar', 'phi': [0.2328348684464723, -0.3913625866014205]}",2100,v2,1,800,1,0.0,False,-1.9032394707859827e-17,1.0,0.0324688120850797,0.22733523504272002,1.0,3.0,,False,0.1604109463019654,-0.08306187905369922,-0.43665405226217957,True,0.14764342476211142,True,0.9951682226441915,True,0.9090702050654296,0.24285714285714285,0.4940679932551671,0.001,0.30849767870845046,0,0.43194576543160096,True,0.9772870435288166,2.151762203259462,0.5573316996160259,0.09092979493457043,0.9605472048534283,,2.0,,,,0.9362409863601928,0.9168767645696978,0.956019422920968,0.9548495595359283,-0.039142658351270176
garch_a0.171_b0.356_s000:2200:800,garch_a0.171_b0.356_s000,nonlinear_stochastic,synthetic,forecast,"{'generator': 'garch', 'omega': 0.05, 'alpha': 0.17133582191283225, 'beta': 0.35583565619308466}",2200,v2,1,800,1,0.0,False,-1.586032892321652e-17,1.0,0.05199884989102552,0.03946967928915601,1.0,2.0,,False,-0.13876968000257195,0.11900120049148155,-0.377700337228877,True,0.1437288572495835,True,0.9986108444236155,True,0.9207064762363646,0.4464285714285714,0.5342719311973566,0.001,0.7233420567483542,0,0.4609748702498291,True,0.9981561447854108,2.1403275672358326,0.5118951465865687,0.07929352376363541,1.0098358676097272,,,,,0.0,1.0209357008905684,1.0230258107669905,1.0282031489313461,1.0532661946537987,-0.005177338164355616
fbm_h0.558_s000:2300:800,fbm_h0.558_s000,long_range,synthetic,forecast,"{'generator': 'fbm', 'H': 0.5583878582134619}",2300,v2,1,800,1,0.0,False,3.1720657846433043e-18,1.0,0.034996778679547376,-0.19733788630686488,1.0,4.0,,False,-0.10190496202697874,0.06213049464681042,-0.8438642593700565,True,,False,0.9978684107323683,True,0.9128425197105553,0.15357142857142855,0.5352425216521148,0.001,0.7449681303494409,0,0.5138383038339971,True,0.994760734473015,2.1341406019096425,0.6020692149819841,0.0871574802894447,1.0196933202586786,,,,0.5583878582134619,,1.02286158317822,1.014983940608554,1.0209777626266558,1.0078154035319402,-0.005993822018101946
colored_noise_b0.566_s000:2400:800,colored_noise_b0.566_s000,colored_noise,synthetic,forecast,"{'generator': 'colored_noise', 'beta': 0.5659974355565369}",2400,v2,1,800,2,0.0,False,-3.8064789415719653e-17,1.0,0.024218304768773524,-0.2451692201266118,2.0,4.0,,False,0.06901290673454008,-0.02841896882945727,0.4965880549736326,True,0.16189208842749125,True,0.9963901019217734,True,0.8679194474422558,0.060714285714285714,0.3988427268025861,0.001,0.4025565941213073,0,0.6580396065444704,True,0.9888645569398407,2.0922055834049336,0.6053746158134309,0.1320805525577442,0.9794927575510282,,,,,0.0,0.9988890901155469,1.01386311349846,0.9793405119862459,1.0181447920904554,0.03452260151221398
chirp_f0.070_0.285_s000:2500:800,chirp_f0.070_0.285_s000,nonstationary,synthetic,forecast,"{'generator': 'chirp', 'f0': 0.07035723479231003, 'f1': 0.2854166648182559}",2500,v2,1,800,2,0.0,False,-7.137148015447434e-18,1.0,-0.000365001064473121,-1.5031433320165,2.0,2.0,,False,-1.0,1.0401629676810638,0.12918697359501113,True,0.3081399212299235,True,0.9996462947119387,True,0.6911470485564191,0.14642857142857144,3.160441157774464e-07,0.001,0.95,0,0.09881591851642867,True,0.6856274229340511,0.9261757793430093,0.03754132283986682,0.30885295144358094,0.9797127294870349,,,,,0.0,1.507590397296376,0.17223860938576377,0.5302771351298399,1.234082924519657,-0.35803852574407613
regime_switch_ar_p0.038_s000:2600:800,regime_switch_ar_p0.038_s000,nonstationary,synthetic,forecast,"{'generator': 'regime_switch_ar', 'p_switch': 0.03821125046890304, 'phis': [(0.569701411142013, -0.006796115361928395), (-0.8233764714297123, 0.2932038846380716)], 'sigmas': [0.25, 0.5]}",2600,v2,1,800,10,0.0,False,6.3441315692866086e-18,1.0,1.0051467916061092,41.14047108609491,10.0,3.0,,False,0.6490886657869949,-0.6450543963806569,0.03975994303846563,True,0.10223309072412977,True,0.9992772325273032,True,0.7013544728334808,0.4964285714285714,0.2655084928948827,0.001,0.4112819803943949,0,-0.11312539696267775,True,0.649252631384597,0.007873503984752606,0.4101094384915196,0.29864552716651915,0.9979808267665577,,,,,0.0,2.0,2.0,2.0,1.9465574857513535,0.0
channel_equalization_n0.015_s000:2800:800,channel_equalization_n0.015_s000,input_driven,synthetic,input_driven,"{'generator': 'channel_equalization', 'noise_std': 0.015140180973756013, 'drive_scale': 0.7868184910407645}",2800,v2,1,800,1,0.0,False,1.2053849981644556e-16,1.0,0.061127752953331844,-1.1694219387104314,1.0,5.0,12.976867517550716,True,0.6639000716339577,0.30485625853879816,5.023726575726421,True,0.08915112522090395,True,0.9991659540978333,True,0.9294070685020271,0.20357142857142857,0.5639726804040822,0.001,0.038510864060453565,0,0.4423908534283865,True,0.9258734136172501,1.3931744049374983,0.5088500226682324,0.07059293149797286,0.17675878995751287,,2.0,,,,0.4947342807009491,0.3736284870821468,0.7104392188967558,0.10221421954679144,-0.33681073181460897
ikeda_u0.734_s000:2900:800,ikeda_u0.734_s000,chaotic_map,synthetic,forecast,"{'generator': 'ikeda_map', 'u': 0.7338033362221776}",2900,v2,1,800,2,0.0,False,9.595498998545996e-17,1.0,0.2065908092754585,-0.8229829065470051,2.0,11.0,,False,0.43474080240745216,0.4655628971304061,7.626830824685866,True,0.29294819445447395,True,0.9983454416952873,True,0.80996419850791,0.40178571428571425,0.23139082826900192,0.001,0.9345386318724492,0,0.13522703212928655,True,0.7642229261622923,0.49632236282690745,0.2809745849590819,0.19003580149208998,0.3157472097456156,,,,,1.0,0.9755509831755189,0.42533275530026304,0.707705969957972,0.4275235966987333,-0.2823732146577089
tent_mu1.688_s000:3000:800,tent_mu1.688_s000,chaotic_map,synthetic,forecast,"{'generator': 'tent_map', 'mu': 1.6879582277836467}",3000,v2,1,800,2,0.0,False,7.2957513046796e-17,1.0,-0.18594847153107566,-1.1729909522103312,2.0,8.0,,False,0.427979318351407,0.5641418649875425,8.105239299008351,True,0.5114836541478995,True,0.997176839393151,True,0.8323737131764478,0.4321428571428571,0.27583744329774124,0.001,0.8062838298766365,0,0.14586112732346232,True,0.6396752966942804,0.49187981417678966,0.2928238129137155,0.16762628682355218,0.08876269859040165,0.5235196492938948,,,,1.0,0.977146725217096,0.35806404264507463,1.0538516032533463,0.09977662102466706,-0.6957875606082716
sine_map_a0.875_s000:3100:800,sine_map_a0.875_s000,chaotic_map,synthetic,forecast,"{'generator': 'sine_map', 'a': 0.8748452122854191}",3100,v2,1,800,186,0.0,False,4.01266321757378e-16,0.9999999999999999,-0.17324161705099278,-1.7103015313943868,186.0,3.0,,False,0.9651358255365932,0.03373692359682812,35.404596606875685,True,0.18275505809868145,True,0.7124688238510779,True,0.23441111531642475,0.5,0.018265192651703593,0.001,0.7906622048254318,0,0.012543202284985079,True,0.4705944892418118,0.2183300510276472,0.06286789936120374,0.7655888846835752,0.03357455683369055,,,,,1.0,0.2955963507777529,0.28736574574438023,0.31671840238073107,0.2743491464848645,-0.029352656636350838
circle_map_k1.47_s000:3200:800,circle_map_k1.47_s000,chaotic_map,synthetic,forecast,"{'generator': 'circle_map', 'omega': 0.3025342935124407, 'K': 1.4746376723632502}",3200,v2,1,800,1,0.0,False,7.930164461608261e-19,1.0,0.2766520048106864,-0.8640365604409084,1.0,2.0,,False,0.9999999999188913,-0.0004988119452232764,321.26324708407697,True,,False,0.1441053876718556,True,0.2786824135864116,0.19999999999999998,2.918474786058623e-15,0.001,0.95,0,0.011737424396975562,True,0.41910067826084296,0.1380141876733897,-0.01763892447643852,0.7213175864135883,0.022334100078847105,,,,,1.0,8.730667707600894e-11,9.525885851849067e-07,0.0004280367517911414,0.008843228753850433,-0.0004270841632059565
lozi_a1.69_b0.36_s000:3300:800,lozi_a1.69_b0.36_s000,chaotic_map,synthetic,forecast,"{'generator': 'lozi_map', 'a': 1.690277692312971, 'b': 0.36303412828471354}",3300,v2,1,800,2,0.0,False,2.4583509830985608e-17,1.0,-0.3989077587947548,-0.5431885526477718,2.0,9.0,,False,0.3629056337405948,0.6186918745015053,10.95796487095636,True,0.48231440900979694,True,0.9965046275332089,True,0.8635272722393922,0.4875,0.39141514685609086,0.001,0.5117055183411627,0,0.24304970587706543,True,0.6910314896662473,0.4668244576936233,0.3494275475790989,0.13647272776060781,0.13565578409304888,,,,,1.0,0.9550754330135923,0.4607315806022945,0.8001554223668395,0.21319338953797085,-0.33942384176454493
standard_map_k1.57_s000:3400:800,standard_map_k1.57_s000,chaotic_map,synthetic,forecast,"{'generator': 'standard_map', 'K': 1.5694318064061088}",3400,v2,1,800,1,0.0,False,-4.9167019661971216e-17,1.0,0.0016862094982412969,-1.5833594277645267,1.0,4.0,,False,0.9999999787729675,-0.000624474361569205,52.53751322764959,True,0.005515602892455431,True,0.186638356697979,True,0.15570655868178057,0.20535714285714285,3.793541097750053e-09,0.008964278804261192,0.007705524792634707,0,0.01197089367811794,True,0.7238793106624128,0.13546097293078543,0.058415254331871266,0.8442934413182195,0.02498990973576449,,,,,1.0,6.994907110878504e-07,3.263063710609296e-06,0.029730535890412333,0.010866832284781506,-0.029727272826701723
quadratic_map_a1.811_s000:3500:800,quadratic_map_a1.811_s000,chaotic_map,synthetic,forecast,"{'generator': 'quadratic_map', 'a': 1.810751383916698}",3500,v2,1,800,2,0.0,False,-1.586032892321652e-17,1.0,-0.1917891838749149,-1.3977126085784637,2.0,12.0,,False,0.5054677348493959,0.49159344456361465,11.232574168980234,True,0.3896835469512235,True,0.9956488045312735,True,0.8107871844159715,0.3696428571428571,0.27585925488962043,0.001,0.22411459234414952,0,0.27278456311697297,True,0.6755379534028456,0.33641363886549025,0.4249093140658849,0.18921281558402847,0.054210889929878825,,,,,1.0,0.8392465640086227,0.39242904635084463,1.1859566399419676,0.11362146955979945,-0.793527593591123
duffing_g0.28_w1.10_s000:3600:800,duffing_g0.28_w1.10_s000,chaotic_flow,synthetic,forecast,"{'generator': 'duffing', 'gamma': 0.27690942690745757, 'omega': 1.097076485214516, 'dt': 0.05}",3600,v2,1,800,60,0.0,False,0.0,0.9999999999999999,0.5257924893273996,-1.0395739882200057,60.0,20.0,,False,0.9999994571281505,-0.035837547072398945,16.779809123614843,True,0.7173160641763932,True,-0.1536676802410915,True,0.2864244790816057,0.0017857142857142857,7.993384107461178e-13,0.9435765291525763,0.011188394079540684,2,1.852113830086864,True,0.27042113478727314,0.07685414351671718,0.963574396760071,0.7135755209183943,0.18930950833026963,,,,,0.0,1.2729218883032214,0.2796644711848703,0.650134825522915,1.0871188144538257,-0.3704703543380447
van_der_pol_mu3.35_s000:3700:800,van_der_pol_mu3.35_s000,oscillatory,synthetic,forecast,"{'generator': 'van_der_pol', 'mu': 3.3514388805556576, 'dt': 0.05}",3700,v2,1,800,33,0.0,False,7.612957883143931e-17,0.9999999999999999,0.0022602394557446888,-1.727218170702036,33.0,8.0,,False,0.9999900207919004,-0.0011795495365415354,47.05987528836459,True,0.04209980056707195,True,-0.15472937602637216,True,0.21275803731177817,0.005357142857142857,6.655019499304512e-10,0.001,0.7258222659265566,0,1.7380294330177126,True,0.2606215414384726,0.06162577665360855,1.0297234286603998,0.7872419626882219,0.034489545439758844,,,1.0,,0.0,0.7236734717669328,0.057811277438982234,0.15895820968618682,0.10296501723225605,-0.10114693224720459
lorenz96_F7.14_s000:3800:800,lorenz96_F7.14_s000,chaotic_flow,synthetic,forecast,"{'generator': 'lorenz96', 'F': 7.142468435398451, 'K': 8, 'dt': 0.02}",3800,v2,1,800,16,0.0,False,3.8064789415719653e-17,1.0,0.3751894273191369,-0.14339004899023777,16.0,14.0,,False,0.9999922670782158,-0.029057387136470658,10.91792608729011,True,,False,0.43910708547897015,True,0.4629792265628175,0.014285714285714285,5.650337986255623e-10,0.001,0.9017640364895745,0,1.5490585878493237,True,0.3604421646224637,0.19867828130060888,0.961310815535544,0.5370207734371826,0.1704849555188227,,,,,1.0,0.47612393303262174,0.948740459943802,1.0190680859227867,1.1360885873252857,-0.07032762597898479
chua_alpha10.68_s000:3900:800,chua_alpha10.68_s000,chaotic_flow,synthetic,forecast,"{'generator': 'chua_circuit', 'alpha': 10.678924653322738, 'dt': 0.01}",3900,v2,1,800,89,0.0,False,0.0,1.0,-0.5871395362721362,-1.237746667942218,89.0,23.0,,False,0.9999646586149062,-1.9999646586149062,-6.385682054170206,True,1.9593426674417178,True,-0.07440178492279619,True,0.20434604476041857,0.0017857142857142857,2.675580055933732e-09,0.916590233082174,0.0024476930406300613,1,1.980296549139032,True,0.2500646164107202,0.03521490629106651,1.0121144332234384,0.7956539552395814,1.6029090899164051,,,,,1.0,1.2052885998805922,1.5472729218074321,1.5238745484313707,1.4923587788948829,0.023398373376061432
henon_heiles_E0.154_s000:2700:800,henon_heiles_E0.154_s000,chaotic_flow,synthetic,forecast,"{'generator': 'henon_heiles', 'energy': 0.15393213285646667, 'px0': 0.010769883207351644, 'dt': 0.04}",2700,v2,1,800,32,0.0,False,-5.075305255429287e-17,1.0,-0.015137277505416477,-1.1269939459633165,32.0,31.0,,False,0.9999985128677145,-0.20253575467189866,7.648758267464486,True,0.9216260583177778,True,-0.15136103052429045,True,0.32354424550649563,0.007142857142857143,2.925305401183222e-11,0.9492882262016946,0.5063087698086544,2,1.808819870394472,True,0.2704336657904056,0.10974496360207954,0.9978148866285325,0.6764557544935044,0.45004137788006143,,,,,1.0,0.03202031477719655,2.0,0.9660665488998122,1.126312718168667,1.0339334511001876
henon_heiles_E0.110_s001:2701:800,henon_heiles_E0.110_s001,chaotic_flow,synthetic,forecast,"{'generator': 'henon_heiles', 'energy': 0.11014952481596199, 'px0': -0.03510310495689384, 'dt': 0.04}",2701,v2,1,800,31,0.0,False,7.612957883143931e-17,1.0,0.03226096830382683,-1.3903157467245495,31.0,26.0,,False,0.9999996595678617,-0.01617064027155346,19.134532231391006,True,0.8504815412326973,True,-0.17644266425613508,True,0.2481652873388314,0.007142857142857143,3.412634163928987e-11,0.9495119117359121,0.01848234790853723,2,1.8198103480232704,True,0.2675994675881378,0.11180842087709031,1.0134911666579642,0.7518347126611686,0.12716517095373125,,,,,0.0,0.035023690587691524,0.381366335572597,0.8435953025795324,0.8370719150156692,-0.4622289670069354
arma22_s000:4000:800,arma22_s000,linear_stochastic,synthetic,forecast,"{'generator': 'arma', 'phi': [0.2328348684464723, -0.3913625866014205], 'theta': [0.010921407113624215, 0.23904042844687517]}",4000,v2,1,800,1,0.0,False,1.1102230246251566e-17,1.0,0.10300960102897985,-0.017646472212781372,1.0,2.0,,False,0.03629450567485548,-0.001087902793647455,-0.12841652675044588,True,0.15531911544456228,True,0.9955169927343295,True,0.8986560022699617,0.11607142857142856,0.49572733172489786,0.001,0.9473407828920878,0,0.47453950725717764,True,0.9810899299962176,2.090967602631356,0.5208126348434711,0.10134399773003833,0.9822389714925752,,2.0,,,0.0,1.0063652860554473,0.9677669568799412,0.9970578683580428,1.0124107309163204,-0.02929091147810159
arima_rw_d-0.004_s000:4100:800,arima_rw_d-0.004_s000,nonstationary,synthetic,forecast,"{'generator': 'arima_random_walk', 'drift': -0.003954724329535706, 'sigma': 0.6803300094442979}",4100,v2,1,800,86,0.0,False,-5.075305255429287e-17,1.0,-0.582743172524292,-0.352251204477394,86.0,20.0,,False,0.9597353118629723,-1.9597353118629723,-7.259339058678815,True,0.2043825557180859,True,-0.13624980941812867,True,0.39824269446794625,0.0017857142857142857,0.027468294312770727,0.9529073537399996,0.0015833030825139103,1,1.4433938019317827,True,0.9536242855116611,0.3101035878912225,0.9934756770771208,0.6017573055320538,2.060490741096006,,,,,0.0,1.2919041251517838,1.5099580230099874,1.4993349420622704,1.6052497789385163,0.010623080947717023
seasonal_ar_s17_000:4200:800,seasonal_ar_s17_000,linear_stochastic,synthetic,forecast,"{'generator': 'seasonal_ar', 'season': 17, 'seasonal_phi': 0.4133088752577251}",4200,v2,1,800,2,0.0,False,-1.2688263138573217e-17,1.0,0.15416439214761007,0.044278439271012715,2.0,2.0,,False,0.2018964337416338,-0.022517266812725367,-0.2574886235259337,True,0.16167086675213993,True,0.9946338006864923,True,0.845865823822038,0.055357142857142855,0.34546050008050777,0.001,0.95,0,0.6485506728277748,True,0.9795877321306345,2.159926238310844,0.6633581769821689,0.154134176177962,0.9058812466714893,,17.0,,,0.0,0.9825893748763671,1.2048042385098616,1.1137321323658553,1.0042735239376508,0.09107210614400629
setar_t0.36_s000:4300:800,setar_t0.36_s000,nonlinear_stochastic,synthetic,forecast,"{'generator': 'setar', 'threshold': 0.3599624237167449, 'high_phi': 0.6721549656428478}",4300,v2,1,800,1,0.0,False,1.2688263138573217e-17,1.0,0.05776921637383949,-0.03991230140280555,1.0,3.0,,False,-0.3795008120094201,0.42563388532051283,-0.42452114420307935,True,0.15536644601597688,True,0.9988140201892537,True,0.8883333396632058,0.01607142857142857,0.4767567020178838,0.001,0.09773496302688343,0,0.6875971550986464,True,0.9814619579243513,2.013181108795245,0.6877938658195963,0.11166666033679418,0.9766611114859173,,,,,0.0,0.9698062432878694,0.9015990244496856,0.8343026751301185,0.8197896197729622,0.06729634931956718
egarch_a0.18_b0.82_s000:4400:800,egarch_a0.18_b0.82_s000,nonlinear_stochastic,synthetic,forecast,"{'generator': 'egarch', 'alpha': 0.1775562151337441, 'beta': 0.8212679004002567}",4400,v2,1,800,1,0.0,False,-3.1720657846433043e-18,1.0,0.07567859985488073,-0.00730571231071897,1.0,3.0,,False,-0.011351475826258284,0.027673188663401627,-0.9382734968363613,True,0.1294842468294395,True,0.9951281916512724,True,0.9321438518364403,0.25,0.5904026708584678,0.001,0.9248678785920325,0,0.5245013908710917,True,0.9914620976577283,2.308097509859241,0.5535259270048506,0.06785614816355967,0.9918055692336359,,,,,0.0,1.0148044696988052,1.0111088299022628,1.047267020610501,1.0232029277439847,-0.036158190708238225
stoch_vol_p0.836_s000:4500:800,stoch_vol_p0.836_s000,nonlinear_stochastic,synthetic,forecast,"{'generator': 'stochastic_volatility', 'phi': 0.835976651199048, 'sigma_eta': 0.33172686916235905}",4500,v2,1,800,1,0.0,False,9.516197353929913e-18,1.0,-0.020810952336680077,1.017501659954755,1.0,4.0,,False,-0.09152157490105983,0.023898838236484865,-1.0127036607840876,True,0.1447647127686744,True,0.9988122904214951,True,0.9152390360734393,0.13749999999999998,0.5292819439816647,0.001,0.9100045923042287,0,0.4413980934640395,True,0.9970452210979327,1.9934626893043954,0.5136470919390851,0.08476096392656074,1.033258310716432,,,,,0.0,1.0200208421931916,1.0464567233681645,1.030870742442519,1.023713833596661,0.01558598092564556
bilinear_a0.56_b-0.10_s000:4600:800,bilinear_a0.56_b-0.10_s000,nonlinear_stochastic,synthetic,forecast,"{'generator': 'bilinear', 'a': 0.5618664432938776, 'b': -0.10112129366091749}",4600,v2,1,800,2,0.0,False,2.5376526277146434e-17,1.0,-0.12040452684975105,0.22630668085030115,2.0,4.0,,False,0.3314878013388851,0.012608511000501421,0.7090264650866955,True,0.1664332062755194,True,0.9979438362229005,True,0.8357948055111644,0.03214285714285714,0.34735691945070346,0.001,0.043589518056301624,0,0.6250884921385713,True,0.9656181622213161,1.960248701240124,0.6074770812200793,0.16420519448883564,0.8098788104776007,,,,,0.0,0.9384736807259461,0.9495028599637844,0.9576754044608019,0.9953761926060126,-0.008172544497017542
arch_a0.56_s000:4700:800,arch_a0.56_s000,nonlinear_stochastic,synthetic,forecast,"{'generator': 'arch', 'alpha': 0.5616325459742664}",4700,v2,1,800,1,0.0,False,-3.1720657846433043e-18,1.0,-0.1989425841411973,0.9806135758174914,1.0,3.0,,False,-0.12141159315458516,0.08238567538688701,-0.4066291831816876,True,0.15702532822049872,True,0.998934655329436,True,0.9263942893891038,0.11071428571428571,0.5639082565537903,0.001,0.9258639901880338,0,0.5513168138618862,True,0.9955043013223974,1.983722558980944,0.5246513609433879,0.07360571061089616,1.0193262077312142,,,,,0.0,1.0131680151908862,1.021058458572321,1.00525194374592,1.0431265399921368,0.015806514826401052
am_mod_c0.120_m0.004_s000:4800:800,am_mod_c0.120_m0.004_s000,oscillatory,synthetic,forecast,"{'generator': 'amplitude_modulated', 'carrier_freq': 0.11961731686816088, 'mod_freq': 0.004300815543130238}",4800,v2,1,800,2,0.0,False,-1.9032394707859827e-17,1.0,-0.0015527236065829917,-0.9272385261995093,2.0,2.0,,False,0.9999999917334252,-0.010225911785613495,24.66316253710417,True,0.056764923774069255,True,-0.01215059330818023,True,0.2427577636107186,0.11964285714285713,1.7126303625731284e-11,0.001,0.7124703812676086,0,0.05437668404444452,True,0.6474024706613307,0.42722696168424323,0.1327882527914272,0.7572422363892815,0.10112329134372688,,,2.0,,0.0,1.602800548911272e-09,0.00012867053431693594,0.06968103879717563,0.07616506376778542,-0.0695523682628587
damped_f0.071_d0.0033_s000:4900:800,damped_f0.071_d0.0033_s000,oscillatory,synthetic,forecast,"{'generator': 'damped_oscillator', 'freq': 0.07127428749488342, 'damping': 0.0033407257746005535}",4900,v2,1,800,3,0.0,False,1.1895246692412391e-17,0.9999999999999999,0.027424355203997487,-0.04934960143402156,3.0,4.0,,False,0.9999999999999813,-0.003222000888557286,7.4963003472131575,True,,False,0.2534095272814197,True,0.16180354241210146,0.07142857142857142,1.7819001993420307e-10,0.001,0.941415010523029,0,0.3782059762069015,True,0.5297306878273038,0.5034741510005609,0.04332440540760096,0.8381964575878985,0.05676267161238936,,,1.0,,0.0,2.2414929143845776e-12,7.51065144382872e-05,0.30393806727656253,0.04138575472811591,-0.30386296076212427
level_shift_k4_s000:5000:800,level_shift_k4_s000,nonstationary,synthetic,forecast,"{'generator': 'level_shift', 'n_shifts': 4, 'magnitude': 1.783173830675797}",5000,v2,1,800,47,0.0,False,-1.2688263138573217e-16,1.0,0.11262487121570836,-1.5322660789025522,47.0,4.0,,False,0.8792950816948313,0.02301121780661175,9.271638478211093,True,0.1450918858102493,True,0.6458847959001102,True,0.37657849994609166,0.0035714285714285713,0.06302783738636457,0.4049958844742157,0.4767123464555133,1,1.2463936826399908,True,0.9957144377501417,1.0841784014315927,1.1185281608747224,0.6234215000539083,0.3125599150539893,,,,,0.0,2.0,2.0,2.0,2.0,0.0
intermittent_p0.08_s000:5100:800,intermittent_p0.08_s000,nonstationary,synthetic,forecast,"{'generator': 'intermittent_demand', 'p_event': 0.07916939367728609, 'burst_scale': 1.4781619421543095}",5100,v2,1,800,2,0.0,False,-2.061842760018148e-17,1.0,5.85103072805821,54.735524705831764,2.0,4.0,,False,-0.18353365513004238,-0.7618664258720049,0.017968067274594435,True,0.3754462762228713,True,0.9989617580104366,True,0.8884710789272494,0.007142857142857143,0.4569866087153315,0.001,0.8886130086443302,0,0.6721424700308156,True,0.9516422709687358,0.19277763176277468,0.7013353603745568,0.11152892107275059,1.394775996711317,,,,,0.0,1.0018860042723223,0.9982845217740801,0.9874935427563917,1.0607553491558126,0.01079097901768844
trend_seasonal_s58_000:5200:800,trend_seasonal_s58_000,nonstationary,synthetic,forecast,"{'generator': 'trend_seasonal', 'slope': 0.0010854337309727947, 'season': 58}",5200,v2,1,800,11,0.0,False,-6.344131569286608e-17,1.0,0.016989489975550037,-0.9883157104853426,11.0,7.0,,False,0.9099803692771182,-0.03762289366058935,10.185506088053103,True,0.1763446904550849,True,0.7202867931895971,True,0.2795127212842113,0.017857142857142856,0.026018171013600506,0.001,0.5576986288540654,0,1.2504267024514442,True,0.9581231239941579,0.9400530785560854,0.774303824424363,0.7204872787157888,0.3572709397410753,,,2.0,,0.0,0.8671666091665207,0.5991807930799434,0.8991576475674055,0.8544910521473369,-0.29997685448746203
mackey_glass_tau30_s000_snr5db:9000:800,mackey_glass_tau30_s000_snr5db,chaotic_flow,synthetic,forecast,"{'generator': 'mackey_glass', 'tau': 30, 'noise_overlay': True, 'snr_db': 5.0}",9000,v2,1,800,13,0.0,False,-3.172065784643304e-17,1.0,-0.37732283173406883,-0.4316005916707186,13.0,2.0,,False,0.4353337539362545,0.06659133562561181,2.00923930812713,True,0.1446389615668927,True,0.9867583081658148,True,0.5485753882263715,0.008928571428571428,0.1573053144175035,0.01179772972001745,0.95,0,1.2811440014754036,True,0.9952305778925635,1.6361576736010823,1.0262768526575905,0.45142461177362847,0.7057442245163141,,,,,1.0,0.913813510814317,0.9197541889905353,1.030977846545723,0.8255547998229614,-0.11122365755518782
lorenz63_rho39.72_s000_snr10db:9001:800,lorenz63_rho39.72_s000_snr10db,chaotic_flow,synthetic,forecast,"{'generator': 'lorenz63', 'rho': 39.72130877801641, 'dt': 0.02, 'noise_overlay': True, 'snr_db': 10.0}",9001,v2,1,800,11,0.0,False,2.5376526277146434e-17,1.0,-0.07677704195912088,-0.6755312642520113,11.0,9.0,,False,0.8673192669289884,0.0025717095991618644,8.549944975644646,True,,False,0.9519068146505523,True,0.5736621970891541,0.0035714285714285713,0.09460499170281153,0.001,0.762427296178571,0,1.252912168868454,True,0.9766622935774693,1.2327011466977595,0.8519509551558004,0.4263378029108459,0.360706284214525,,,,,1.0,0.9744436109555719,0.6715751562977132,0.8532535139743109,0.6098210981228819,-0.18167835767659768
logistic_r3.6228_s000_snr20db:9002:800,logistic_r3.6228_s000_snr20db,chaotic_map,synthetic,forecast,"{'generator': 'logistic', 'r': 3.622777557771053, 'noise_overlay': True, 'snr_db': 20.0}",9002,v2,1,800,186,0.0,False,-2.2204460492503132e-17,1.0,-0.2506168846940353,-1.5557389780048305,186.0,5.0,,False,0.9111787209623419,0.06302053250253914,16.18017604629606,True,0.18994612650174814,True,0.5421207551844469,True,0.29816660671610745,0.5,0.05164332160920218,0.001,0.9339039695418564,0,0.06069488901043546,True,0.5638911211170583,0.4221031116193493,0.2067678091907568,0.7018333932838925,0.1606261078876002,0.20522959150205364,,,,1.0,0.35973649966067106,0.3651288725917668,0.4662566485771692,0.3683863238672042,-0.1011277759854024
linear_memory_lag01_s000_snr5db:9003:800,linear_memory_lag01_s000_snr5db,input_driven,synthetic,input_driven,"{'generator': 'linear_memory', 'lag': 1, 'noise_overlay': True, 'snr_db': 5.0}",9003,v2,1,800,1,0.0,False,3.4099707184915524e-17,1.0,-0.03942934806573819,-0.8020609156033176,1.0,3.0,13.412985123013957,True,0.6940509980729099,0.01623314039456103,3.542125381655226,True,0.1361587861116889,True,0.9980894228390073,True,0.9177203443332811,0.08035714285714285,0.5440195928212261,0.001,0.9299568248469967,0,0.5142784284808275,True,0.9907244406666127,2.313933499033265,0.6160498607856942,0.08227965566671891,0.5382526001168308,,1.0,,,,0.5273722559344551,0.5348358175316796,0.7089818465157153,0.5373273127440338,-0.17414602898403564
mso2_s000_snr10db:9004:800,mso2_s000_snr10db,oscillatory,synthetic,forecast,"{'generator': 'mso', 'n_freqs': 2, 'noise_overlay': True, 'snr_db': 10.0}",9004,v2,1,800,5,0.0,False,2.061842760018148e-17,1.0,0.010989241576085709,-0.615993755424669,5.0,6.0,,False,0.8974558972199065,-0.06632701374697059,6.947967708176408,True,0.18643645787545385,True,0.9930054266244319,True,0.38474616502087006,0.04642857142857143,0.059725209215914586,0.001,0.9268698199453421,0,0.6869009651985157,True,0.9201523912783324,1.377042348829395,0.46992870512451484,0.6152538349791299,0.4109393100289434,,,2.0,,,0.4493301190076549,0.42250385696139425,0.6167445637639242,0.5640791251364493,-0.19424070680252992
fbm_h0.558_s000_snr20db:9005:800,fbm_h0.558_s000_snr20db,long_range,synthetic,forecast,"{'generator': 'fbm', 'H': 0.5583878582134619, 'noise_overlay': True, 'snr_db': 20.0}",9005,v2,1,800,1,0.0,False,-1.586032892321652e-17,1.0,0.17512331953413077,-0.14074164059782746,1.0,2.0,,False,-0.05480900144842282,0.06411385892753119,-0.7116345046897837,True,0.141546680469356,True,0.9988325682499685,True,0.9320333817176881,0.0035714285714285713,0.5813254401808848,0.001,0.7957070287238533,0,0.5080346389768626,True,0.9951257065167821,2.273090328110933,0.5901515859073343,0.06796661828231187,0.9953366980679912,,,,0.5583878582134619,,0.9978338436145061,1.0011744787494716,1.045765717302703,1.014287776803209,-0.04459123855323144
chirp_f0.070_0.285_s000_snr5db:9006:800,chirp_f0.070_0.285_s000_snr5db,nonstationary,synthetic,forecast,"{'generator': 'chirp', 'f0': 0.07035723479231003, 'f1': 0.2854166648182559, 'noise_overlay': True, 'snr_db': 5.0}",9006,v2,1,800,2,0.0,False,-6.3441315692866086e-18,1.0000000000000002,0.011002207595737749,-0.8720559040650468,2.0,2.0,,False,-0.7454779012012,0.6262737067010149,-1.4249162582101937,True,0.20301585603158703,True,0.9991746124675058,True,0.8141776643330128,0.16785714285714284,0.2599792937059051,0.001,0.821858801882127,0,0.22265229555495114,True,0.9007985752215415,1.8773330314480572,0.3144664673956231,0.18582233566698725,1.0579244748563978,,,,,0.0,1.3759532573734417,1.0766721629143103,0.8939202200027225,1.182490849522404,0.1827519429115878
