dataset_id,nrmse_linear,nrmse_gbm,nrmse_nvar,nmae_nvar,nrmse_esn_v5,nmae_esn_v5,nrmse_qrc_m,nmae_qrc_m,advantage_qrc_m_vs_esn,nmae_advantage_qrc_m_vs_esn,qrc_m_useful,nrmse_qrc_e,nmae_qrc_e,advantage_qrc_e_vs_esn,nmae_advantage_qrc_e_vs_esn,qrc_e_useful,nrmse_qrc_d,nmae_qrc_d,advantage_qrc_d_vs_esn,nmae_advantage_qrc_d_vs_esn,qrc_d_useful,best_qrc_variant,best_qrc_advantage_vs_esn,qrc_any_win,qrc_any_useful,label_seed_count
regime_switch_ar_p0.035_s468_v4_quantized_clipped_saturated:77968:800,0.9595413201921819,0.9592725369858361,1.0968674320221121,0.8433028908691906,0.9775784959187848,0.7466225967746991,0.9432145445718382,0.7375504561780383,0.034363951346946586,0.009072140596660838,False,0.9895780000446507,0.7546271720315867,-0.011999504125865923,-0.00800457525688758,False,1.0524503765356956,0.8156637686813683,-0.07487188061691086,-0.06904117190666914,False,qrc_m,0.034363951346946586,True,False,1
regime_switch_ar_p0.020_s475_v4_quantized_clipped_saturated:77975:800,0.9840520258850498,0.948106779866843,1.212868881696194,0.9225089774714587,1.0301672402872224,0.8044197102470237,0.9967092220291236,0.7896220169490721,0.0334580182580988,0.014797693297951664,False,1.0452726005298327,0.8116240903616624,-0.015105360242610333,-0.007204380114638642,False,1.0469490180471073,0.8171759258153076,-0.016781777759884875,-0.01275621556828388,False,qrc_m,0.0334580182580988,True,False,1
regime_switch_ar_p0.019_s476_v4_outlier_spike:77976:800,1.0249798129907624,1.0224302437779205,1.0886264309400762,0.6764199675648556,1.0147600738506424,0.5679169260892896,1.0766322934317811,0.6018290094658495,-0.061872219581138754,-0.03391208337655993,False,1.043064318170071,0.5832727080011458,-0.028304244319428573,-0.01535578191185627,False,1.0278707082510483,0.5640869187069842,-0.01311063440040594,0.0038300073823053227,False,qrc_d,-0.01311063440040594,False,False,1
regime_switch_ar_p0.015_s478_v4_time_warped:77978:800,1.1025551073671105,1.0928728172054551,1.1214393224766268,0.9008315593140324,1.0985980915991103,0.8893835794631457,1.0772350264123172,0.8624864404117839,0.021363065186793095,0.026897139051361818,False,1.0788607022990064,0.8600294687543348,0.019737389300103825,0.029354110708810888,False,1.0571905613060644,0.8642399667740074,0.04140753029304589,0.02514361268913834,False,qrc_d,0.04140753029304589,True,False,1
regime_switch_ar_p0.004_s480_v4_observation_noise:77980:800,1.1685853376521895,1.0934631924068243,1.0744965789257903,0.8191403057623285,1.6109202735243326,1.3077924938748793,1.9168871316654754,1.516407698462889,-0.3059668581411428,-0.20861520458800964,False,2.0,1.6585040033829712,-0.38907972647566735,-0.35071150950809193,False,2.0,2.0,-0.38907972647566735,-0.6922075061251207,False,qrc_m,-0.3059668581411428,False,False,1
regime_switch_ar_p0.037_s482_v4_quantized_clipped_saturated:77982:800,1.0297571667861314,1.0324269679082925,1.1571562304920107,0.9207713429933356,1.0090883970925324,0.7739894756681924,1.0211990686572248,0.7827787702796407,-0.012110671564692366,-0.008789294611448284,False,1.0410028661609312,0.8077640752279898,-0.03191446906839879,-0.033774599559797336,False,1.018722842763479,0.7812862594882247,-0.009634445670946512,-0.007296783820032293,False,qrc_d,-0.009634445670946512,False,False,1
regime_switch_ar_p0.004_s491_v4_downsampled_aliased:77991:800,0.9092745513868085,1.0168106170441245,0.939241514970665,0.702891377008009,1.0091239332569613,0.7647027335147778,1.05509139387045,0.7988903189658467,-0.045967460613488775,-0.034187585451068925,False,1.1490718785129144,0.939263931568379,-0.1399479452559531,-0.17456119805360115,False,1.2986992365297974,0.9675485742428305,-0.2895753032728361,-0.20284584072805267,False,qrc_m,-0.045967460613488775,False,False,1
regime_switch_ar_p0.034_s498_v4_downsampled_aliased:77998:800,0.8395498845848546,1.0342472183949303,0.9266203890207751,0.7074328782666025,1.2394300146642074,0.9987315549647976,0.9297044678382512,0.7182971824648912,0.3097255468259562,0.28043437249990644,True,0.9495440326985798,0.7174874740979523,0.28988598196562765,0.28124408086684527,True,0.9551343995415345,0.7747560297398866,0.284295615122673,0.22397552522491104,True,qrc_m,0.3097255468259562,True,True,1
channel_equalization_n0.020_s002_v4_missing_irregular:78002:800,0.8900520309435391,0.4554302900985131,0.777445463765098,0.6525950642432832,0.7904573381391532,0.6387916070266052,0.9572546487786138,0.7845490213102772,-0.16679731063946057,-0.14575741428367195,False,0.9953804168046857,0.8070891837432747,-0.2049230786655325,-0.16829757671666945,False,1.0246977996701707,0.8155989808253633,-0.23424046153101752,-0.1768073737987581,False,qrc_m,-0.16679731063946057,False,False,1
channel_equalization_n0.063_s004_v4_outlier_spike:78004:800,0.6657844637918694,0.3140210123977203,0.7855005155231413,0.5556606328785242,0.9289406704085369,0.7659710817091289,0.8066919169807786,0.6021094120508267,0.12224875342775832,0.16386166965830218,True,0.9625493531049365,0.8021086577010706,-0.033608682696399605,-0.036137575991941784,False,0.9455964491132222,0.7885962593027824,-0.016655778704685265,-0.022625177593653567,False,qrc_m,0.12224875342775832,True,True,1
channel_equalization_n0.032_s005_v4_downsampled_aliased:78005:800,0.9984941878196741,0.9957490477841794,1.005327975030738,0.794196207938614,0.9918096773508942,0.7822071631589359,1.0321000676654768,0.8329158689779139,-0.04029039031458259,-0.05070870581897802,False,1.0826997900898063,0.845737700357347,-0.09089011273891212,-0.06353053719841106,False,1.0605105444626295,0.8630981619603767,-0.06870086711173529,-0.0808909988014408,False,qrc_m,-0.04029039031458259,False,False,1
channel_equalization_n0.022_s006_v4_time_warped:78006:800,0.9156127190463091,0.7803245178204684,0.9287358441034991,0.7447066980022561,0.8250777830788726,0.6290493258072177,1.0108231179945055,0.7658616086106426,-0.18574533491563294,-0.13681228280342483,False,1.0318039522023046,0.8131846945167012,-0.206726169123432,-0.18413536870948344,False,1.0198076305120438,0.8021459516431396,-0.19472984743317123,-0.1730966258359219,False,qrc_m,-0.18574533491563294,False,False,1
channel_equalization_n0.057_s008_v4_observation_noise:78008:800,0.6910248032145423,0.5119140509393821,0.6684948704068023,0.549701179783644,0.8799321154679154,0.6840376072687431,0.8360515333668453,0.6793337639079492,0.04388058210107004,0.00470384336079388,False,0.9718653713512098,0.7718749544616708,-0.09193325588329437,-0.08783734719292768,False,0.9189496891156687,0.737815133348208,-0.03901757364775327,-0.053777526079464955,False,qrc_m,0.04388058210107004,True,False,1
channel_equalization_n0.080_s010_v4_quantized_clipped_saturated:78010:800,0.5555146785344215,0.12787738979287638,0.3416826684718334,0.28294212765038,0.7437247194546066,0.6068133732696429,0.7811773722590639,0.640862365131247,-0.03745265280445731,-0.03404899186160404,False,0.9536408100722802,0.8201998706814394,-0.20991609061767358,-0.2133864974117965,False,1.0055652362292755,0.8519527524294955,-0.2618405167746689,-0.24513937915985262,False,qrc_m,-0.03745265280445731,False,False,1
channel_equalization_n0.063_s012_v4_downsampled_aliased:78012:800,1.028132833571082,1.0423567958820763,1.0257672845473071,0.8100527607736049,1.1317224662159349,0.8900111051471798,0.9965705595362757,0.8044916413430301,0.13515190667965915,0.08551946380414976,True,0.9976440312148579,0.8021452231018205,0.13407843500107697,0.08786588204535939,True,0.9535956714482381,0.7739752667394331,0.17812679476769677,0.11603583840774678,True,qrc_d,0.17812679476769677,True,True,1
channel_equalization_n0.054_s014_v4_window_length_horizon:78014:800,0.45963388173321323,0.1039806006875345,0.3011410298602111,0.25486359288903443,0.773073252126492,0.635851600985263,0.6874567553610145,0.5594953854970657,0.08561649676547756,0.07635621548819738,True,0.929291355292883,0.7954804597314702,-0.15621810316639095,-0.15962885874620714,False,0.9543061016968944,0.7790544554222896,-0.18123284957040242,-0.14320285443702652,False,qrc_m,0.08561649676547756,True,True,1
channel_equalization_n0.076_s015_v4_observation_noise:78015:800,0.7605122102981092,0.5650797497775092,0.7360474456027729,0.5949140992344876,0.8191067166834441,0.6608990257800218,0.8421914544970132,0.6641936834179226,-0.023084737813569012,-0.003294657637900822,False,0.9549914010680272,0.7710332757365765,-0.135884684384583,-0.11013424995655474,False,0.9719182048326048,0.7767851557122682,-0.15281148814916068,-0.11588612993224645,False,qrc_m,-0.023084737813569012,False,False,1
channel_equalization_n0.038_s017_v4_quantized_clipped_saturated:78017:800,0.6481366340986852,0.11207097118965656,0.40234636530560586,0.33478336690289684,0.7464623097008936,0.6101947969904248,0.8003994679981634,0.6483457064475835,-0.05393715829726986,-0.03815090945715871,False,0.921204133574438,0.7666800621220611,-0.17474182387354442,-0.1564852651316363,False,0.9686880341039611,0.7893776185844943,-0.22222572440306754,-0.1791828215940695,False,qrc_m,-0.05393715829726986,False,False,1
channel_equalization_n0.076_s024_v4_quantized_clipped_saturated:78024:800,0.888060626577055,0.19560567877826707,0.6700211026380956,0.5893662205651848,0.7439737803513742,0.6100065500850496,0.9616712461615463,0.7707621092551777,-0.21769746581017213,-0.16075555917012818,False,0.9865574058402978,0.789851344479808,-0.24258362548892365,-0.17984479439475842,False,0.9835751053623594,0.8026635038106075,-0.2396013250109852,-0.1926569537255579,False,qrc_m,-0.21769746581017213,False,False,1
channel_equalization_n0.039_s025_v4_outlier_spike:78025:800,0.8505954966915299,0.42631933055112003,0.8760216308668496,0.6742370929492231,0.8738647910419572,0.6605594839753135,0.881023707984252,0.6919794359947538,-0.007158916942294757,-0.031419952019440256,False,0.9661013995797152,0.7553499412914986,-0.09223660853775795,-0.09479045731618507,False,0.9596365778327144,0.741928543900414,-0.08577178679075714,-0.08136905992510046,False,qrc_m,-0.007158916942294757,False,False,1
channel_equalization_n0.046_s027_v4_time_warped:78027:800,1.033979866648573,0.7546865160575114,0.9491901753694807,0.7591436157907714,0.7306832262269608,0.6060225133036473,0.9538408336503812,0.784838353733823,-0.2231576074234204,-0.17881584043017573,False,1.003018504562243,0.8348873093516201,-0.27233527833528226,-0.22886479604797283,False,1.0475531552971908,0.8737552567313124,-0.31686992907023004,-0.26773274342766507,False,qrc_m,-0.2231576074234204,False,False,1
channel_equalization_n0.022_s028_v4_window_length_horizon:78028:800,0.641256015280641,0.10673912826822382,0.47023400414831923,0.38854427652939194,0.7950752544986562,0.6541731799665328,0.7769365973145179,0.6470777945893945,0.018138657184138318,0.007095385377138275,False,0.9497589261122072,0.7929848374714303,-0.154683671613551,-0.13881165750489755,False,0.932520863478634,0.7443743797225952,-0.13744560897997782,-0.09020119975606244,False,qrc_m,0.018138657184138318,True,False,1
channel_equalization_n0.052_s029_v4_observation_noise:78029:800,0.9509924884851376,0.6451956279801991,0.881245159112393,0.7047252205619513,0.8736742082588527,0.7110127039572024,0.9852948677160929,0.8206374629877835,-0.1116206594572402,-0.10962475903058111,False,0.9735621171652487,0.8202975652545741,-0.09988790890639598,-0.1092848612973717,False,1.0638646141326953,0.8852858001815197,-0.19019040587384262,-0.1742730962243173,False,qrc_e,-0.09988790890639598,False,False,1
channel_equalization_n0.028_s030_v4_missing_irregular:78030:800,0.6863722797201686,0.39464029531809863,0.6583401467747868,0.5191789838831266,0.8012632970638949,0.6396463120816017,0.8442638869196618,0.6811235167694768,-0.043000589855766935,-0.04147720468787508,False,0.9242913085215633,0.7638387301849829,-0.1230280114576684,-0.12419241810338122,False,1.0042843230466767,0.8611408392108578,-0.20302102598278182,-0.2214945271292561,False,qrc_m,-0.043000589855766935,False,False,1
channel_equalization_n0.051_s033_v4_downsampled_aliased:78033:800,0.9839061038898356,0.9775293215038914,1.0184787544576932,0.8365353375310783,0.9793549969689326,0.7950047510569763,0.9591852216468988,0.787452499989823,0.02016977532203379,0.007552251067153293,False,0.944958694859193,0.7689290222261365,0.03439630210973954,0.02607572883083986,False,0.9596892820199949,0.785475275363013,0.01966571494893765,0.00952947569396334,False,qrc_e,0.03439630210973954,True,False,1
channel_equalization_n0.006_s034_v4_time_warped:78034:800,0.9658449843853113,0.8248676381416434,0.8587815419250318,0.6838471150377695,0.8440726011175341,0.6553916359566367,0.9992154948447598,0.8009028929879549,-0.15514289372722567,-0.14551125703131818,False,1.0338662565805203,0.8224152357555076,-0.1897936554629862,-0.16702359979887083,False,1.0018639444155386,0.8200545021255319,-0.15779134329800448,-0.16466286616889514,False,qrc_m,-0.15514289372722567,False,False,1
channel_equalization_n0.076_s036_v4_observation_noise:78036:800,0.8996548115568639,0.6692300115497714,0.9218285036183258,0.7404576308448152,0.895825997182125,0.724576581257273,0.968380340183271,0.809284391691504,-0.07255434300114605,-0.08470781043423103,False,0.9804506492560642,0.7873701529352759,-0.08462465207393921,-0.06279357167800292,False,0.9798198889823917,0.7870026784304234,-0.08399389180026673,-0.0624260971731504,False,qrc_m,-0.07255434300114605,False,False,1
channel_equalization_n0.044_s039_v4_outlier_spike:78039:800,0.5914599045364587,0.4694958436680422,0.674381078523479,0.4403044002438513,0.8905023487656478,0.6891304223166995,0.7850799423318868,0.6006401999958758,0.105422406433761,0.08849022232082371,True,0.9615983458595944,0.7642063013095065,-0.07109599709394654,-0.07507587899280699,False,0.9533824306848925,0.7786605350519518,-0.06288008191924466,-0.08953011273525224,False,qrc_m,0.105422406433761,True,True,1
channel_equalization_n0.027_s040_v4_downsampled_aliased:78040:800,1.0638605560993275,1.0989687773525705,1.1398621143366519,0.9071475983566336,1.0420280629564393,0.8306539810413204,0.994791321503753,0.784834562085712,0.047236741452686304,0.04581941895560837,False,0.9949750578398968,0.7649230973677917,0.047053005116542534,0.06573088367352864,False,1.0202064975592107,0.7792308267063337,0.02182156539722868,0.051423154334986676,False,qrc_m,0.047236741452686304,True,False,1
channel_equalization_n0.069_s041_v4_time_warped:78041:800,0.775253084767629,0.6899754430835722,0.8335281230791932,0.6791529488890662,0.7431074266549121,0.5839266646010656,0.9298145159781127,0.7421273891710729,-0.18670708932320057,-0.15820072457000733,False,0.9014615971854522,0.7382809870293061,-0.15835417053054002,-0.15435432242824054,False,0.9542380633936653,0.8016175020167009,-0.2111306367387532,-0.21769083741563533,False,qrc_e,-0.15835417053054002,False,False,1
channel_equalization_n0.033_s043_v4_observation_noise:78043:800,0.8611104454097935,0.6049022072027325,0.8281017335821548,0.6887494002325534,0.8225740393026502,0.7042803796581054,0.915966300057477,0.7574893409229221,-0.09339226075482687,-0.05320896126481667,False,0.9557557004305087,0.7974635583546194,-0.13318166112785856,-0.09318317869651394,False,0.9771846853065127,0.817832871849236,-0.15461064600386254,-0.11355249219113062,False,qrc_m,-0.09339226075482687,False,False,1
channel_equalization_n0.060_s044_v4_missing_irregular:78044:800,0.931920095970061,0.5520708802477438,0.76833166569411,0.6285228447641282,0.7538268054406887,0.5812977931220542,0.9285822830797031,0.768524256537902,-0.17475547763901444,-0.1872264634158478,False,0.9627306681016462,0.8012838862745193,-0.2089038626609575,-0.2199860931524651,False,1.0043633667449676,0.8315095913174664,-0.2505365613042789,-0.25021179819541217,False,qrc_m,-0.17475547763901444,False,False,1
channel_equalization_n0.051_s048_v4_time_warped:78048:800,0.8315507182835796,0.7644102472790872,0.8098252122579461,0.6301128950464994,0.8477062990670844,0.6794324290217412,0.9937565678346131,0.8275233545139046,-0.1460502687675287,-0.1480909254921634,False,0.9272766454778814,0.7571033315933041,-0.07957034641079697,-0.07767090257156295,False,0.951434154699059,0.8024451776179982,-0.10372785563197462,-0.123012748596257,False,qrc_e,-0.07957034641079697,False,False,1
channel_equalization_n0.048_s055_v4_time_warped:78055:800,0.9663701247786355,0.8067029399770763,0.8732364745867508,0.6976773301160563,0.7964851533279484,0.6217520234505763,0.9597048805669063,0.7678861723940508,-0.16321972723895783,-0.14613414894347443,False,0.9929493809762672,0.7931150291389596,-0.19646422764831872,-0.17136300568838325,False,1.0272830522167171,0.8220914474091684,-0.23079789888876867,-0.20033942395859206,False,qrc_m,-0.16321972723895783,False,False,1
channel_equalization_n0.031_s058_v4_missing_irregular:78058:800,0.4739150879971668,0.29805128328205976,0.4963767799325818,0.3921491212902388,0.794374512278312,0.6311728199020259,0.8038354598416138,0.6627003368287824,-0.009460947563301736,-0.03152751692675648,False,0.9793537576919363,0.8111563267167049,-0.18497924541362432,-0.179983506814679,False,0.9540118655841876,0.8005687853046997,-0.15963735330587558,-0.16939596540267376,False,qrc_m,-0.009460947563301736,False,False,1
channel_equalization_n0.039_s062_v4_time_warped:78062:800,0.9167824402304275,0.8050789223627115,0.8475228569392651,0.6670595296129421,0.8213625056596827,0.6592401780542623,0.9298037819023023,0.7589595755438096,-0.10844127624261957,-0.09971939748954728,False,1.030340051058189,0.8454212013032826,-0.20897754539850633,-0.1861810232490203,False,0.99432898697357,0.79594422878949,-0.17296648131388725,-0.13670405073522773,False,qrc_m,-0.10844127624261957,False,False,1
channel_equalization_n0.020_s063_v4_window_length_horizon:78063:800,0.9874090484999325,0.21406725422367304,0.7685217561848546,0.6543501532454755,0.7585933968053975,0.614782145792343,1.0086421856516088,0.815613831447533,-0.2500487888462113,-0.20083168565518994,False,0.9567032975407231,0.7789369671582884,-0.19810990073532564,-0.1641548213659454,False,1.0174873889981064,0.8363640922716562,-0.2588939921927089,-0.22158194647931317,False,qrc_e,-0.19810990073532564,False,False,1
channel_equalization_n0.053_s064_v4_observation_noise:78064:800,0.6573391101824076,0.3538052292881121,0.5948899066730258,0.4825779528630824,0.8377344402686128,0.6927733520948066,0.9917879956410788,0.8051473477599208,-0.154053555372466,-0.11237399566511419,False,1.01098995764541,0.8371730495681575,-0.17325551737679723,-0.1443996974733509,False,0.9523945567525852,0.8050758244785148,-0.11466011648397245,-0.11230247238370816,False,qrc_d,-0.11466011648397245,False,False,1
channel_equalization_n0.079_s076_v4_time_warped:78076:800,0.7657536380022082,0.7119879364844877,0.7400593465468666,0.6031267133414402,0.7711271180787936,0.6138528058982645,0.8298189081835893,0.6392225725421458,-0.05869179010479564,-0.025369766643881242,False,0.9255156531751471,0.7486178759059603,-0.15438853509635342,-0.13476507000769578,False,0.9681967885917658,0.7847556981611823,-0.1970696705129722,-0.17090289226291777,False,qrc_m,-0.05869179010479564,False,False,1
channel_equalization_n0.070_s078_v4_observation_noise:78078:800,0.7637984410933758,0.4395152555970186,0.7023882183804447,0.5597402542334499,0.860220304417079,0.6944153079224982,0.869349822704706,0.7234326165251416,-0.009129518287626981,-0.0290173086026434,False,0.996816458774699,0.8284970946168856,-0.13659615435762007,-0.13408178669438742,False,0.986483110394427,0.8214433498844808,-0.12626280597734807,-0.12702804196198259,False,qrc_m,-0.009129518287626981,False,False,1
channel_equalization_n0.064_s079_v4_missing_irregular:78079:800,0.9393654638536567,0.5217222440288423,0.8065742373218467,0.6524896677183495,0.8170743385018924,0.6610497081838251,1.0183714232446834,0.8412914243170834,-0.20129708474279107,-0.18024171613325823,False,0.9596553710215209,0.7853307074365345,-0.1425810325196285,-0.12428099925270941,False,0.9949121915036089,0.8096602769763105,-0.1778378530017165,-0.14861056879248535,False,qrc_e,-0.1425810325196285,False,False,1
channel_equalization_n0.027_s084_v4_window_length_horizon:78084:800,0.9065851632340095,0.22894172602906002,0.6913757845328802,0.5966824653620811,0.7390751564106709,0.6185639697577414,0.9407793851826846,0.7904372625957345,-0.20170422877201366,-0.17187329283799313,False,0.9879335109867463,0.8457276914181808,-0.2488583545760754,-0.2271637216604394,False,0.976793577961968,0.8371356352546484,-0.23771842155129708,-0.21857166549690699,False,qrc_m,-0.20170422877201366,False,False,1
channel_equalization_n0.034_s088_v4_outlier_spike:78088:800,0.9620060041478771,0.602845730286876,1.042669466554069,0.8050209380256176,0.939935945146891,0.7219957537810664,0.9993538808973355,0.7964803561021272,-0.059417935750444406,-0.0744846023210608,False,0.977661116405562,0.7729176901044899,-0.03772517125867092,-0.050921936323423456,False,1.0178386700832434,0.816660989907595,-0.07790272493635231,-0.09466523612652855,False,qrc_e,-0.03772517125867092,False,False,1
channel_equalization_n0.035_s090_v4_time_warped:78090:800,0.9040086954820734,0.7625474236837481,0.8828412342382462,0.6771650409790901,0.7831995371796144,0.6397611982680136,0.9381505120117598,0.7663338692654191,-0.15495097483214537,-0.12657267099740555,False,0.9702655242121313,0.7911672547387484,-0.18706598703251687,-0.1514060564707348,False,1.0050816515335605,0.814201382728019,-0.2218821143539461,-0.17444018446000542,False,qrc_m,-0.15495097483214537,False,False,1
channel_equalization_n0.071_s092_v4_observation_noise:78092:800,0.881068877204413,0.4812609946326808,0.7197946625439479,0.6141947614296315,0.8239821136292885,0.677926680160187,0.9029996071993128,0.7655131348617346,-0.0790174935700243,-0.08758645470154758,False,1.0286827945923411,0.8506102362523064,-0.2047006809630526,-0.17268355609211938,False,0.9856972702881323,0.8140911872108519,-0.16171515665884373,-0.13616450705066496,False,qrc_m,-0.0790174935700243,False,False,1
channel_equalization_n0.063_s096_v4_downsampled_aliased:78096:800,1.034380334923091,1.1012034147666416,1.3422016390459566,1.1386728670749202,1.1860506195291851,0.9968991348014388,1.0426131965797545,0.8596436292708941,0.14343742294943063,0.13725550553054466,True,1.10261852858122,0.917613017781169,0.08343209094796511,0.07928611702026978,True,1.053421519266942,0.861550545829904,0.13262910026224306,0.1353485889715348,True,qrc_m,0.14343742294943063,True,True,1
channel_equalization_n0.039_s097_v4_time_warped:78097:800,0.830817285424125,0.6771505898573758,0.7971970172181582,0.6328070349117374,0.7133271973493857,0.5684440680460652,0.8525255046748962,0.6774817768887978,-0.13919830732551053,-0.10903770884273267,False,0.8382354513247325,0.6661179201451182,-0.12490825397534688,-0.097673852099053,False,0.9571347317690172,0.7726975369313926,-0.24380753441963154,-0.20425346888532747,False,qrc_e,-0.12490825397534688,False,False,1
channel_equalization_n0.036_s102_v4_outlier_spike:78102:800,0.9553400979199678,0.715908870818943,1.1766370514942908,0.8740311959837008,0.957650932885064,0.7168808581101389,0.9945764918342646,0.7560653236859922,-0.036925558949200576,-0.03918446557585331,False,1.0017174480950473,0.7532506636101202,-0.04406651520998328,-0.036369805499981256,False,1.0179318356111875,0.7511474781990204,-0.06028090272612352,-0.03426662008888148,False,qrc_m,-0.036925558949200576,False,False,1
channel_equalization_n0.034_s106_v4_observation_noise:78106:800,0.968575546759513,0.5090907935758785,0.9459415647331134,0.7377312721067523,0.9250181403742752,0.7270339403883475,1.0642327874431368,0.8644678160374818,-0.13921464706886155,-0.13743387564913434,False,1.0249895505160118,0.8079895804923373,-0.0999714101417366,-0.08095564010398981,False,1.0168996466890892,0.8180892423782193,-0.09188150631481395,-0.09105530198987188,False,qrc_d,-0.09188150631481395,False,False,1
channel_equalization_n0.042_s116_v4_outlier_spike:78116:800,0.8980822867667528,0.5314088469616028,1.2466221355072775,0.8151124194235235,2.0,1.2626328181229582,0.9476021603242744,0.6895173956285364,1.0523978396757256,0.5731154224944218,True,0.9885192436325535,0.7535048846291899,1.0114807563674466,0.5091279334937684,True,0.9855904336234595,0.7353378112792612,1.0144095663765405,0.527295006843697,True,qrc_m,1.0523978396757256,True,True,1
channel_equalization_n0.032_s117_v4_downsampled_aliased:78117:800,1.2176437927401245,1.3753793559180894,1.3635989211026323,1.0436970906976486,1.220155781395095,0.955762644876417,1.515351662444393,1.2534945961377575,-0.29519588104929806,-0.29773195126134044,False,1.1894881851510448,0.9727230156659309,0.030667596244050133,-0.016960370789513846,False,1.1483606532135349,0.8895425799994006,0.07179512818156009,0.06622006487701648,True,qrc_d,0.07179512818156009,True,True,1
channel_equalization_n0.037_s118_v4_time_warped:78118:800,0.9098003044015495,0.7062069040118354,0.8463603112621586,0.6671279358331057,0.8400701823952709,0.6409134123428688,0.9074186405047396,0.7167113370223752,-0.06734845810946877,-0.07579792467950641,False,0.9367926288185322,0.7208025657613312,-0.09672244642326133,-0.07988915341846237,False,0.9998335109475395,0.7733700236408803,-0.1597633285522686,-0.13245661129801145,False,qrc_m,-0.06734845810946877,False,False,1
channel_equalization_n0.056_s119_v4_window_length_horizon:78119:800,0.7975007316489094,0.14503402880904423,0.6155997999281598,0.5185007251792306,0.7820965184392493,0.6611910882309721,0.8756147580159744,0.7279115721705192,-0.09351823957672512,-0.0667204839395471,False,0.9870602393370751,0.8040362953294182,-0.20496372089782577,-0.14284520709844617,False,0.965986723875312,0.7787970016363104,-0.18389020543606271,-0.11760591340533832,False,qrc_m,-0.09351823957672512,False,False,1
channel_equalization_n0.071_s122_v4_quantized_clipped_saturated:78122:800,0.47730446983658514,0.1250253387797231,0.286096968209715,0.23584163770493216,0.7765350134951408,0.6319557121515629,0.7589137189763521,0.6205307024016669,0.017621294518788688,0.01142500974989602,False,0.9405100964063824,0.7911614821430515,-0.16397508291124163,-0.1592057699914886,False,0.9356704319972841,0.7926211353561701,-0.1591354185021433,-0.1606654232046072,False,qrc_m,0.017621294518788688,True,False,1
channel_equalization_n0.066_s124_v4_downsampled_aliased:78124:800,0.9863689361974236,1.0333073447398826,1.0584485204072729,0.837851269736778,0.9925680286911859,0.7861323108842307,1.054647819192502,0.8310350704443917,-0.06207979050131607,-0.04490275956016099,False,1.0422721875124632,0.8094432725235897,-0.04970415882127732,-0.023310961639358974,False,1.050778886892157,0.8093714753826228,-0.05821085820097116,-0.02323916449839203,False,qrc_e,-0.04970415882127732,False,False,1
channel_equalization_n0.012_s125_v4_time_warped:78125:800,0.8909475570309666,0.7631851069837142,0.839092848434568,0.6796197178871373,0.7643577246749927,0.5945238037020982,0.9206501813047607,0.7604930045178188,-0.15629245662976798,-0.16596920081572053,False,1.0009524350565655,0.8023379675002766,-0.23659471038157276,-0.2078141637981784,False,1.0147564310582609,0.7960766915127809,-0.2503987063832681,-0.2015528878106827,False,qrc_m,-0.15629245662976798,False,False,1
channel_equalization_n0.008_s127_v4_observation_noise:78127:800,0.5263935320113952,0.3840051381623743,0.49270889522582384,0.40126966169675393,0.8579502675666483,0.7148322596570862,0.7819868122407415,0.6467729942416668,0.07596345532590676,0.0680592654154194,True,0.9495615878391916,0.8035049265198646,-0.09161132027254337,-0.08867266686277842,False,0.9918107361626052,0.8426358446967833,-0.1338604685959569,-0.12780358503969713,False,qrc_m,0.07596345532590676,True,True,1
channel_equalization_n0.020_s132_v4_time_warped:78132:800,0.9718879223256583,0.7527165291217199,0.8215330988444852,0.6321122528993957,0.948945743361174,0.7525898689196734,1.0072608201432685,0.7880028618691786,-0.058315076782094466,-0.03541299294950517,False,0.98207375186737,0.7895468636702152,-0.033128008506196016,-0.036956994750541816,False,1.036041412424707,0.8001952633740003,-0.08709566906353305,-0.04760539445432688,False,qrc_e,-0.033128008506196016,False,False,1
channel_equalization_n0.040_s140_v4_window_length_horizon:78140:800,0.9174798185940135,0.21609400595507078,0.7080903770479623,0.6132656321533532,0.6873019075790309,0.5885778917039126,0.937870316645634,0.7672952133188481,-0.25056840906660316,-0.17871732161493548,False,0.9461655881173953,0.783624510631786,-0.2588636805383644,-0.19504661892787334,False,1.0057060762776475,0.8045816147742544,-0.31840416869861665,-0.21600372307034177,False,qrc_m,-0.25056840906660316,False,False,1
channel_equalization_n0.050_s146_v4_time_warped:78146:800,1.0008111483186928,0.8394030130289263,0.8834779910509627,0.7291153141607412,0.8746683458484839,0.6859873308781564,1.0171273266146215,0.8129505145903129,-0.1424589807661376,-0.12696318371215642,False,1.0126274040959526,0.8200374491535908,-0.1379590582474688,-0.13405011827543434,False,1.0589272205888078,0.8398734583341453,-0.18425887474032399,-0.15388612745598884,False,qrc_e,-0.1379590582474688,False,False,1
channel_equalization_n0.039_s147_v4_window_length_horizon:78147:800,0.9090313626740882,0.19786039002105232,0.7683349964986601,0.6620589377924787,0.7353857205805251,0.6055052460360325,0.9631429425094905,0.7803321043272438,-0.22775722192896541,-0.17482685829121125,False,0.9481381611104348,0.7553186033366556,-0.21275244052990971,-0.14981335730062306,False,0.9985576411814304,0.8057572947302182,-0.26317192060090533,-0.20025204869418567,False,qrc_e,-0.21275244052990971,False,False,1
channel_equalization_n0.079_s148_v4_observation_noise:78148:800,0.4591799161666244,0.26945478655093674,0.4356261355239078,0.3595959298824905,0.7997846829026553,0.6539966992730383,0.6910733008054549,0.5652275657169432,0.10871138209720033,0.08876913355609506,True,0.9770433311247717,0.8479886869563182,-0.17725864822211645,-0.19399198768327997,False,0.9533008112152848,0.793629127512198,-0.1535161283126295,-0.13963242823915978,False,qrc_m,0.10871138209720033,True,True,1
channel_equalization_n0.038_s155_v4_observation_noise:78155:800,0.9122718232584709,0.3023465809666653,0.7929354743939255,0.654670417450384,0.9849775585285343,0.7968325867151429,0.9439394874996561,0.7804115376388086,0.04103807102887824,0.01642104907633435,False,1.0134474845823611,0.839746334824452,-0.02846992605382681,-0.04291374810930915,False,1.015064875684684,0.8455636817347423,-0.030087317156149762,-0.04873109501959938,False,qrc_m,0.04103807102887824,True,False,1
channel_equalization_n0.054_s158_v4_outlier_spike:78158:800,0.8125559775194469,0.5336946030797727,0.9049506312575256,0.6508632556953452,0.9287066801844547,0.711661340523434,0.8072463102611438,0.6012707671813944,0.12146036992331088,0.11039057334203961,True,0.9536598107371924,0.7438676854737257,-0.024953130552737735,-0.03220634495029173,False,0.9438637939244237,0.7473575138863007,-0.015157113739968975,-0.03569617336286668,False,qrc_m,0.12146036992331088,True,True,1
channel_equalization_n0.018_s162_v4_observation_noise:78162:800,0.6200257683176748,0.2722683859779421,0.4944656571211181,0.39978907186008905,0.7386469925062193,0.6368248754163698,0.7849717187420949,0.6554329184502337,-0.04632472623587558,-0.018608043033863875,False,0.955967372497571,0.8084230133445393,-0.21732037999135168,-0.17159813792816947,False,0.9373971708059952,0.7967959312975122,-0.19875017829977581,-0.15997105588114247,False,qrc_m,-0.04632472623587558,False,False,1
channel_equalization_n0.046_s163_v4_missing_irregular:78163:800,0.5970873101352131,0.49726095709011675,0.6709322306457605,0.5089544448479836,0.8058872071387416,0.6666856021648903,0.8198277939476873,0.66268951160587,-0.01394058680894572,0.003996090559020282,False,0.9175516998383259,0.766903439763729,-0.11166449269958423,-0.10021783759883873,False,0.9912347009679132,0.8332077959705766,-0.1853474938291716,-0.16652219380568634,False,qrc_m,-0.01394058680894572,False,False,1
channel_equalization_n0.039_s164_v4_quantized_clipped_saturated:78164:800,0.5416270321869245,0.13030632914726675,0.39194932294485724,0.3326863848155739,0.9748973442337169,0.7946161556496524,0.753817507234012,0.6107089220108821,0.2210798369997049,0.18390723363877026,True,0.9460477243624354,0.7943298143140742,0.02884961987128143,0.0002863413355781441,False,1.009304728133442,0.815904202923898,-0.034407383899725086,-0.021288047274245603,False,qrc_m,0.2210798369997049,True,True,1
channel_equalization_n0.014_s165_v4_outlier_spike:78165:800,0.975585280157961,0.6164852931204859,1.1310872358969386,0.8132478516301136,1.0030404325249112,0.7466210309280855,1.002855090411828,0.7264443306273612,0.0001853421130830757,0.02017670030072427,False,1.0072259599607432,0.7244372312253154,-0.004185527435832004,0.02218379970277007,False,1.031020974843606,0.7655942449000913,-0.027980542318694956,-0.018973213972005798,False,qrc_m,0.0001853421130830757,True,False,1
channel_equalization_n0.007_s169_v4_observation_noise:78169:800,0.9886137578121506,0.3684461949822229,0.8324422932345446,0.6731739183967391,0.8343521156358407,0.7039683856339432,0.9960007964227359,0.826626341890257,-0.1616486807868952,-0.12265795625631382,False,1.0250460629732063,0.8233531680980618,-0.19069394733736567,-0.11938478246411866,False,1.0264828394686256,0.8426046361249516,-0.19213072383278496,-0.13863625049100847,False,qrc_m,-0.1616486807868952,False,False,1
channel_equalization_n0.078_s178_v4_quantized_clipped_saturated:78178:800,0.9165567933140545,0.18726667306494027,0.6960983476692597,0.5828411987212953,0.7500247011808789,0.6271925906287744,0.9267043508741366,0.7572480217529967,-0.17667964969325767,-0.13005543112422224,False,0.9702873566239204,0.8030730143366355,-0.22026265544304147,-0.17588042370786106,False,1.010135036152273,0.8449118921260547,-0.260110334971394,-0.21771930149728025,False,qrc_m,-0.17667964969325767,False,False,1
channel_equalization_n0.054_s183_v4_observation_noise:78183:800,0.4794563687600386,0.24764754154407803,0.4375004533001141,0.354852676016705,0.8557201653954162,0.7166898533686528,0.727651783224032,0.5889649982009592,0.12806838217138417,0.1277248551676936,True,0.976291501152977,0.8369408829850021,-0.12057133575756085,-0.12025102961634937,False,0.9453908114419661,0.8185145735055595,-0.08967064604654995,-0.10182472013690669,False,qrc_m,0.12806838217138417,True,True,1
channel_equalization_n0.038_s184_v4_missing_irregular:78184:800,0.8175268940032501,0.5703547631487396,0.7997979388193001,0.6376657897946916,0.8342665263958128,0.6869740742338137,1.0251682589484723,0.8472268929803545,-0.19090173255265952,-0.16025281874654074,False,1.053711597125059,0.8630106136563749,-0.21944507072924624,-0.17603653942256114,False,0.9783266007557985,0.7976945918657988,-0.1440600743599857,-0.1107205176319851,False,qrc_d,-0.1440600743599857,False,False,1
channel_equalization_n0.055_s185_v4_quantized_clipped_saturated:78185:800,0.9928474232922899,0.2145243615286773,0.7827309589694659,0.6626744736894937,0.7721370074015244,0.6424111491555611,0.9768042595106345,0.7803450228568445,-0.2046672521091102,-0.1379338737012834,False,0.9703532466569121,0.7719570045994167,-0.19821623925538778,-0.12954585544385566,False,1.0467557854203045,0.8405400282328065,-0.2746187780187801,-0.1981288790772454,False,qrc_e,-0.19821623925538778,False,False,1
channel_equalization_n0.020_s188_v4_time_warped:78188:800,0.882359787597917,0.7181600430666218,0.8160515066038984,0.7061827872549344,0.7054892178517321,0.5704473924120367,0.9303935925844818,0.7669324536806212,-0.2249043747327497,-0.19648506126858456,False,0.9580906616613761,0.8206074638964881,-0.252601443809644,-0.2501600714844514,False,1.0214473989136243,0.8539217312803635,-0.3159581810618922,-0.28347433886832685,False,qrc_m,-0.2249043747327497,False,False,1
channel_equalization_n0.017_s192_v4_quantized_clipped_saturated:78192:800,0.4283693547531401,0.10260608901749968,0.28639539693443666,0.21859483867458604,0.763486934963812,0.6483090854953256,0.7143980880454365,0.5821201277555949,0.04908884691837556,0.06618895773973077,False,0.9903723381904137,0.844228011271824,-0.22688540322660167,-0.1959189257764984,False,0.9589640522764646,0.8086197988737173,-0.1954771173126526,-0.16031071337839164,False,qrc_m,0.04908884691837556,True,False,1
channel_equalization_n0.022_s194_v4_downsampled_aliased:78194:800,0.964932459290822,1.0715612479503824,0.9881597271036856,0.740772673800922,1.0322495673464485,0.7674191899216417,1.0588628612017152,0.8013052342334995,-0.026613293855266784,-0.03388604431185782,False,1.0498474926610732,0.8016673301235963,-0.017597925314624785,-0.03424814020195455,False,1.0216366214281958,0.7525840586391446,0.01061294591825268,0.014835131282497138,False,qrc_d,0.01061294591825268,True,False,1
channel_equalization_n0.030_s201_v4_downsampled_aliased:78201:800,1.2726487563426756,1.2829241730682728,1.2320448511403608,1.04379675653757,1.271833196620364,1.1191046266427676,1.3508738262971314,1.1722367227347017,-0.0790406296767674,-0.053132096091934145,False,1.3077617132387198,1.1600717138760877,-0.03592851661835583,-0.0409670872333201,False,1.2683078109197703,1.114064523271404,0.003525385700593686,0.0050401033713636245,False,qrc_d,0.003525385700593686,True,False,1
channel_equalization_n0.042_s205_v4_missing_irregular:78205:800,0.7978891182185089,0.611403988741774,0.7380485180843083,0.586660623983684,0.9322608372964704,0.76351175546671,1.0425043177715356,0.8469876828038464,-0.11024348047506527,-0.08347592733713638,False,0.967348085530476,0.8028601640595066,-0.035087248234005664,-0.039348408592796535,False,0.9629878686775005,0.8033446585663103,-0.030727031381030168,-0.0398329030996003,False,qrc_d,-0.030727031381030168,False,False,1
channel_equalization_n0.068_s214_v4_outlier_spike:78214:800,0.9756308626397358,0.7559385884329214,1.0898691396351758,0.7459004367991069,0.9604194230074915,0.6497773780424266,0.8868656770264094,0.5490752455403497,0.07355374598108211,0.10070213250207694,True,1.0289776416575689,0.6936730728006888,-0.06855821865007738,-0.04389569475826216,False,0.9845841437267445,0.6586598161001752,-0.02416472071925302,-0.008882438057748576,False,qrc_m,0.07355374598108211,True,True,1
channel_equalization_n0.019_s222_v4_downsampled_aliased:78222:800,1.0933446334612853,1.0429236954183054,1.1589325556108538,0.9354387311922943,1.1062512920049243,0.9079290019896105,1.1324156614694794,0.9801663141073617,-0.026164369464555026,-0.0722373121177512,False,1.1660152778708477,0.95996043280877,-0.05976398586592335,-0.05203143081915951,False,1.1565521874869706,0.9671779058200036,-0.050300895482046304,-0.05924890383039316,False,qrc_m,-0.026164369464555026,False,False,1
channel_equalization_n0.029_s223_v4_time_warped:78223:800,0.9691489689690678,0.8378985128176839,0.9377921260111886,0.7504761436037114,0.8896474922659413,0.7213158855361591,1.0350136479908298,0.8245685344770729,-0.14536615572488853,-0.1032526489409138,False,1.0112934719011948,0.7959556323198729,-0.12164597963525348,-0.07463974678371377,False,1.0145675606790918,0.8213940840759121,-0.12492006841315051,-0.10007819853975297,False,qrc_e,-0.12164597963525348,False,False,1
channel_equalization_n0.075_s225_v4_observation_noise:78225:800,0.9325379607516712,0.2964707175911025,0.8443233716242047,0.6891611547004883,0.8033541084760724,0.6055467976475614,1.0548122949018126,0.867465987794995,-0.25145818642574025,-0.2619191901474336,False,1.0003657870059592,0.8256218573792156,-0.19701167852988688,-0.2200750597316542,False,1.0020281905021382,0.8375172259719812,-0.19867408202606585,-0.23197042832441983,False,qrc_e,-0.19701167852988688,False,False,1
channel_equalization_n0.045_s226_v4_missing_irregular:78226:800,0.6644828816117317,0.5452380795538094,0.6925674530901225,0.5413765133462977,0.8637065660214079,0.711601190948579,0.8213351710647665,0.6883041187085845,0.04237139495664144,0.023297072239994443,False,0.9725507584709817,0.8235695017549577,-0.10884419244957377,-0.1119683108063787,False,0.9579215769170286,0.7866318534613939,-0.09421501089562068,-0.07503066251281487,False,qrc_m,0.04237139495664144,True,False,1
channel_equalization_n0.024_s227_v4_quantized_clipped_saturated:78227:800,0.48364538999567175,0.10484554331845213,0.333112814510955,0.2637011829841771,0.7528368272207335,0.601393777191439,0.7009038521886716,0.5824095468434941,0.05193297503206196,0.01898423034794494,True,0.9345759237868403,0.8104417444064524,-0.18173909656610676,-0.2090479672150134,False,0.9473462685890631,0.8192105515350674,-0.1945094413683296,-0.21781677434362834,False,qrc_m,0.05193297503206196,True,True,1
channel_equalization_n0.006_s232_v4_observation_noise:78232:800,0.7611408848450485,0.18913162427787045,0.5850162658901044,0.472879899526309,0.8552639102177619,0.7058818992548238,0.831684700798055,0.6906835481646656,0.023579209419706926,0.015198351090158213,False,0.9769216858798975,0.8088620094079985,-0.12165777566213554,-0.10298011015317465,False,0.9405461312066411,0.7661223759050293,-0.08528222098887916,-0.06024047665020549,False,qrc_m,0.023579209419706926,True,False,1
channel_equalization_n0.019_s234_v4_quantized_clipped_saturated:78234:800,0.5304988754065814,0.11130572151976005,0.34288641265394726,0.27844764345833595,0.7487771812942593,0.6057677179751163,0.8281040194629635,0.6741209128034377,-0.07932683816870423,-0.06835319482832136,False,0.9235824094792479,0.7821603236036384,-0.17480522818498856,-0.1763926056285221,False,0.9553505120828741,0.7768887836866081,-0.20657333078861484,-0.17112106571149177,False,qrc_m,-0.07932683816870423,False,False,1
channel_equalization_n0.030_s236_v4_downsampled_aliased:78236:800,1.059290225904154,1.1296158106555958,1.1893908914621472,0.973174323787405,1.031870779791819,0.8942727235827401,1.0289142129727746,0.8913599205399142,0.002956566819044326,0.002912803042825929,False,1.1027446254737632,0.9507723163391238,-0.07087384568194421,-0.05649959275638372,False,1.067006066998712,0.9169422233585854,-0.03513528720689307,-0.022669499775845314,False,qrc_m,0.002956566819044326,True,False,1
channel_equalization_n0.062_s237_v4_time_warped:78237:800,0.8456701715112541,0.6843114145225347,0.8357988094193243,0.6558284586335458,0.6949120024347893,0.5548722019117615,0.9263244638956745,0.7328348764811401,-0.23141246146088512,-0.17796267456937864,False,0.9521911220879119,0.7603382707172031,-0.25727911965312256,-0.2054660688054416,False,0.9817596461918301,0.7818267744726011,-0.28684764375704075,-0.22695457256083962,False,qrc_m,-0.23141246146088512,False,False,1
channel_equalization_n0.025_s240_v4_missing_irregular:78240:800,0.9599597400374167,0.6101672637763701,0.9166599514630406,0.7512202786501284,0.8753384520569938,0.7177689038790926,1.01296764959389,0.8509838755439495,-0.13762919753689618,-0.13321497166485685,False,0.9989261427097299,0.8184371181281463,-0.12358769065273612,-0.1006682142490537,False,1.0274074666369981,0.8598597562842861,-0.15206901458000432,-0.14209085240519348,False,qrc_e,-0.12358769065273612,False,False,1
channel_equalization_n0.065_s242_v4_outlier_spike:78242:800,0.8498733036867697,0.8208265181986982,0.9359577678856312,0.5332471548721394,0.9540278880743601,0.6179059743933382,0.8949891931377721,0.5285467915207676,0.059038694936587977,0.08935918287257061,True,0.9934310027512955,0.6505991450824637,-0.03940311467693536,-0.032693170689125584,False,0.9915210231095737,0.6824726171134545,-0.037493135035213565,-0.06456664272011636,False,qrc_m,0.059038694936587977,True,True,1
channel_equalization_n0.044_s245_v4_window_length_horizon:78245:800,0.48099455522969436,0.1094515059578212,0.293663171232449,0.24485624553161608,0.7708686456466181,0.6467207555765302,0.8194383561872939,0.6934206824543548,-0.048569710540675826,-0.04669992687782465,False,0.9989595509284697,0.8519431374575379,-0.2280909052818516,-0.20522238188100772,False,0.9791563271506875,0.8318783765478761,-0.2082876815040694,-0.18515762097134592,False,qrc_m,-0.048569710540675826,False,False,1
channel_equalization_n0.047_s246_v4_observation_noise:78246:800,0.855352911687069,0.21527914692736236,0.743037899491958,0.5913699396244155,0.8601936971267806,0.7069299987477716,0.9271571304419095,0.7758203419643759,-0.06696343331512888,-0.06889034321660426,False,0.9842912370465229,0.8325501763018779,-0.12409753991974226,-0.12562017755410626,False,0.9983770673779387,0.839934160771817,-0.13818337025115812,-0.1330041620240454,False,qrc_m,-0.06696343331512888,False,False,1
channel_equalization_n0.072_s247_v4_missing_irregular:78247:800,0.9832236826600672,0.5692706001251467,0.9619242646052548,0.7663555494255117,0.912816507965413,0.7504374786791291,1.0190968084805523,0.8302003314184252,-0.10628030051513926,-0.07976285273929606,False,0.9875723002601566,0.8135911430907115,-0.0747557922947436,-0.06315366441158232,False,1.0230307869559443,0.8304917868671954,-0.11021427899053127,-0.08005430818806625,False,qrc_e,-0.0747557922947436,False,False,1
channel_equalization_n0.015_s248_v4_quantized_clipped_saturated:78248:800,0.7452648103767695,0.11542387223832133,0.6471585853671404,0.5069455876430728,0.8352888692823826,0.6756978294813859,0.9069310708255353,0.7429343777840723,-0.0716422015431527,-0.06723654830268644,False,0.990011747810114,0.7770103725751245,-0.15472287852773148,-0.1013125430937386,False,0.9705303583975405,0.7747199953648004,-0.135241489115158,-0.0990221658834145,False,qrc_m,-0.0716422015431527,False,False,1
channel_equalization_n0.018_s249_v4_outlier_spike:78249:800,0.9953780264393974,0.7764156453426985,1.0500674330105484,0.767203121304293,0.996875628299257,0.6566581439206667,0.9791044267141504,0.6700357183401021,0.01777120158510659,-0.013377574419435434,False,1.0072918039798215,0.6679252204955133,-0.010416175680564521,-0.011267076574846602,False,1.0138711943004786,0.6815250215505192,-0.01699556600122154,-0.024866877629852513,False,qrc_m,0.01777120158510659,True,False,1
channel_equalization_n0.066_s251_v4_time_warped:78251:800,0.9994004777822729,0.7096587951839952,0.8434215005370668,0.6862615628342594,0.7474670842075282,0.6019921826757926,0.9809581787040501,0.7899083103040718,-0.23349109449652194,-0.18791612762827925,False,0.9531183645849496,0.784573271240532,-0.20565128037742142,-0.18258108856473942,False,1.0564635993993325,0.863757040051377,-0.3089965151918044,-0.2617648573755844,False,qrc_e,-0.20565128037742142,False,False,1
channel_equalization_n0.054_s256_v4_outlier_spike:78256:800,1.029816925792691,0.7941553105930641,1.3070916120068259,0.8964777886489617,0.970063718407772,0.6025204388034298,1.0125387778206465,0.6611471043328645,-0.04247505941287455,-0.05862666552943474,False,0.9823930959573106,0.6309497332690659,-0.012329377549538667,-0.028429294465636135,False,1.0283863703453953,0.6757451151144238,-0.058322651937623315,-0.07322467631099405,False,qrc_e,-0.012329377549538667,False,False,1
channel_equalization_n0.016_s259_v4_window_length_horizon:78259:800,0.6534588413715972,0.09875750300108503,0.4015800105965283,0.33473544895023305,0.77992836929645,0.6260281204118143,0.8564835469749174,0.7119911212576671,-0.07655517767846731,-0.08596300084585273,False,0.9752520671935041,0.8325671724861499,-0.19532369789705406,-0.20653905207433554,False,0.9730259946426902,0.8214823300100592,-0.1930976253462402,-0.1954542095982449,False,qrc_m,-0.07655517767846731,False,False,1
channel_equalization_n0.016_s264_v4_downsampled_aliased:78264:800,1.0513218907143616,1.2050638244197782,1.1901881628258508,0.9937152955825714,1.250575766771307,1.0531201600033528,1.054266256213995,0.886947573593879,0.19630951055731205,0.16617258640947385,True,1.018004992324385,0.8796130185978891,0.2325707744469221,0.17350714140546375,True,1.0645061946684629,0.8824651247052178,0.18606957210284425,0.17065503529813508,True,qrc_e,0.2325707744469221,True,True,1
channel_equalization_n0.073_s275_v4_missing_irregular:78275:800,0.8642688063095577,0.6536610212065527,0.8022867376111746,0.6440092281938083,0.9119390625413282,0.7081519463201936,0.9698580732327181,0.7708536917160308,-0.05791901069138994,-0.06270174539583717,False,1.0044918296398169,0.8155522930958581,-0.0925527670984887,-0.10740034677566446,False,1.0357623208145146,0.8422732748923352,-0.12382325827318641,-0.13412132857214154,False,qrc_m,-0.05791901069138994,False,False,1
