source_index,name,family,task_type,seed,length,horizon,nrmse_esn_matched,nrmse_qrc_J1,nrmse_qrc_J0,advantage_J1_vs_esn,advantage_J0_vs_esn,paired_delta_J0_minus_J1,paired_effect_J1_better,feature_dim,n_qubits,depth,virtual_nodes,matched_qrc_seeds
0,mackey_glass_tau34_s000,chaotic_flow,forecast,1100,800,15,0.5068485124720891,0.9739146448578583,0.9787077430983568,-0.4670661323857692,-0.4718592306262678,0.004793098240498561,0.004793098240498561,60,6,5,5,0
1,mackey_glass_tau42_s001,chaotic_flow,forecast,1101,800,17,0.9525856843179674,1.1884774312999917,1.187614656461692,-0.2358917469820243,-0.23502897214372465,-0.0008627748382996625,-0.0008627748382996625,60,6,5,5,0
2,mackey_glass_tau28_s002,chaotic_flow,forecast,1102,800,14,0.9693313211925382,1.1831633091348992,1.1496370788381616,-0.21383198794236102,-0.1803057576456234,-0.033526230296737625,-0.033526230296737625,60,6,5,5,0
3,mackey_glass_tau29_s003,chaotic_flow,forecast,1103,800,12,0.660968500021904,0.9554502128784724,0.9483020007480553,-0.29448171285656843,-0.28733350072615127,-0.007148212130417164,-0.007148212130417164,60,6,5,5,0
4,mackey_glass_tau33_s004,chaotic_flow,forecast,1104,800,16,0.5990510789900714,0.8634077452142136,0.9809879136423338,-0.2643566662241422,-0.38193683465226247,0.11758016842812025,0.11758016842812025,60,6,5,5,0
5,mackey_glass_tau38_s005,chaotic_flow,forecast,1105,800,15,0.9880442017005138,0.7277887980575584,0.9223176641362822,0.2602554036429554,0.06572653756423152,0.19452886607872388,0.19452886607872388,60,6,5,5,0
6,mackey_glass_tau17_s006,chaotic_flow,forecast,1106,800,9,0.4977827720972912,0.9631076160209632,1.3947610003728028,-0.46532484392367196,-0.8969782282755117,0.43165338435183964,0.43165338435183964,60,6,5,5,0
7,mackey_glass_tau19_s007,chaotic_flow,forecast,1107,800,10,0.1578988342893454,0.887484307745455,0.8909389382089011,-0.7295854734561096,-0.7330401039195558,0.0034546304634461844,0.0034546304634461844,60,6,5,5,0
8,mackey_glass_tau20_s008,chaotic_flow,forecast,1108,800,10,0.3682840985312319,0.7915091746656867,0.9001876679418803,-0.4232250761344548,-0.5319035694106484,0.10867849327619361,0.10867849327619361,60,6,5,5,0
9,mackey_glass_tau31_s009,chaotic_flow,forecast,1109,800,14,0.5191671072568239,1.3862493485293619,1.0217900818944172,-0.867082241272538,-0.5026229746375933,-0.36445926663494466,-0.36445926663494466,60,6,5,5,0
10,mackey_glass_tau21_s010,chaotic_flow,forecast,1110,800,11,0.5123785901130635,0.87476801322796,0.9853970630245857,-0.3623894231148965,-0.4730184729115222,0.11062904979662569,0.11062904979662569,60,6,5,5,0
11,mackey_glass_tau16_s011,chaotic_flow,forecast,1111,800,9,0.2641232162117758,0.7765001866590828,0.9847888383537818,-0.512376970447307,-0.720665622142006,0.208288651694699,0.208288651694699,60,6,5,5,0
12,mackey_glass_tau37_s012,chaotic_flow,forecast,1112,800,16,0.4010992095820098,0.7333086355313687,0.9205779289586445,-0.3322094259493589,-0.5194787193766348,0.18726929342727583,0.18726929342727583,60,6,5,5,0
13,mackey_glass_tau39_s013,chaotic_flow,forecast,1113,800,16,0.6647114580082455,0.7692158498441685,0.9299801306899029,-0.10450439183592297,-0.26526867268165744,0.16076428084573446,0.16076428084573446,60,6,5,5,0
14,mackey_glass_tau27_s014,chaotic_flow,forecast,1114,800,13,0.9383176180474496,1.109054428346014,1.073664612942315,-0.17073681029856436,-0.13534699489486546,-0.0353898154036989,-0.0353898154036989,60,6,5,5,0
15,mackey_glass_tau25_s015,chaotic_flow,forecast,1115,800,12,0.4815597522223357,0.9468166538460823,0.9237772221852107,-0.46525690162374655,-0.44221746996287503,-0.023039431660871523,-0.023039431660871523,60,6,5,5,0
16,mackey_glass_tau36_s016,chaotic_flow,forecast,1116,800,16,0.3939915462791972,0.7081121635033626,0.8873730888302866,-0.3141206172241654,-0.49338154255108946,0.17926092532692406,0.17926092532692406,60,6,5,5,0
17,mackey_glass_tau23_s017,chaotic_flow,forecast,1117,800,11,0.7333500146576944,1.0305336530212372,1.094116064885246,-0.2971836383635428,-0.3607660502275515,0.0635824118640087,0.0635824118640087,60,6,5,5,0
18,mackey_glass_tau42_s018,chaotic_flow,forecast,1118,800,18,1.352465483934475,1.4086357496462372,0.9906805558730137,-0.0561702657117622,0.36178492806146123,-0.41795519377322343,-0.41795519377322343,60,6,5,5,0
19,mackey_glass_tau45_s019,chaotic_flow,forecast,1119,800,16,0.4370709523092381,0.8273213187250232,1.0171987210365876,-0.39025036641578514,-0.5801277687273495,0.18987740231156436,0.18987740231156436,60,6,5,5,0
20,lorenz63_rho30.09_s000,chaotic_flow,forecast,1200,800,15,0.7497124364133704,0.7233393123084803,0.6372691011219306,0.026373124104890122,0.1124433352914398,-0.08607021118654967,-0.08607021118654967,60,6,5,5,0
21,lorenz63_rho43.24_s001,chaotic_flow,forecast,1201,800,14,0.9265484228624834,0.8679494136951674,0.8712772526848738,0.058599009167315974,0.05527117017760963,0.0033278389897063443,0.0033278389897063443,60,6,5,5,0
22,lorenz63_rho23.42_s002,chaotic_flow,forecast,1202,800,7,0.0159066879359601,0.7794033230347192,0.9760993788573973,-0.7634966350987591,-0.9601926909214372,0.19669605582267813,0.19669605582267813,60,6,5,5,0
23,lorenz63_rho44.69_s003,chaotic_flow,forecast,1203,800,16,1.0825509323195066,0.7681952763960538,0.7802213681127091,0.3143556559234528,0.30232956420679746,0.012026091716655363,0.012026091716655363,60,6,5,5,0
24,lorenz63_rho30.88_s004,chaotic_flow,forecast,1204,800,16,1.0755911875674724,0.9060295263960897,0.8622723655813316,0.16956166117138272,0.21331882198614083,-0.04375716081475811,-0.04375716081475811,60,6,5,5,0
25,lorenz63_rho35.53_s005,chaotic_flow,forecast,1205,800,13,0.9178703522402852,0.8822738489731705,0.7777372301639515,0.03559650326711472,0.14013312207633377,-0.10453661880921905,-0.10453661880921905,60,6,5,5,0
26,lorenz63_rho40.97_s006,chaotic_flow,forecast,1206,800,12,1.1188338248428673,1.655599396484378,1.068051797171556,-0.5367655716415107,0.05078202767131135,-0.5875475993128221,-0.5875475993128221,60,6,5,5,0
27,lorenz63_rho27.93_s007,chaotic_flow,forecast,1207,800,13,1.0307353092036966,0.8015609226661821,0.6691763490391885,0.22917438653751454,0.36155896016450806,-0.13238457362699352,-0.13238457362699352,60,6,5,5,0
28,lorenz63_rho28.87_s008,chaotic_flow,forecast,1208,800,12,0.9318023453202312,0.5959821735584607,0.6646172977238234,0.3358201717617705,0.2671850475964078,0.06863512416536266,0.06863512416536266,60,6,5,5,0
29,lorenz63_rho24.81_s009,chaotic_flow,forecast,1209,800,14,1.4597262553318249,0.9295805255013735,0.9123151431654908,0.5301457298304514,0.5474111121663341,-0.017265382335882706,-0.017265382335882706,60,6,5,5,0
30,lorenz63_rho38.13_s010,chaotic_flow,forecast,1210,800,18,0.9522177352172544,0.9294308929289408,1.3005130909023688,0.022786842288313625,-0.3482953556851144,0.371082197973428,0.371082197973428,60,6,5,5,0
31,lorenz63_rho45.82_s011,chaotic_flow,forecast,1211,800,12,0.8935877676313798,0.8346618174653258,0.8187141821384283,0.058925950166054064,0.07487358549295153,-0.01594763532689747,-0.01594763532689747,60,6,5,5,0
32,lorenz63_rho37.08_s012,chaotic_flow,forecast,1212,800,15,1.223503339479356,0.9277213680805675,1.0164078945288813,0.2957819713987885,0.20709544495047472,0.08868652644831376,0.08868652644831376,60,6,5,5,0
33,lorenz63_rho32.00_s013,chaotic_flow,forecast,1213,800,14,1.216385162043281,1.0825117498870622,0.7445343734800862,0.13387341215621884,0.47185078856319485,-0.337977376406976,-0.337977376406976,60,6,5,5,0
34,lorenz63_rho39.49_s014,chaotic_flow,forecast,1214,800,14,0.7884869588561205,0.9304032022738329,0.8713061515643109,-0.14191624341771236,-0.08281919270819038,-0.05909705070952198,-0.05909705070952198,60,6,5,5,0
35,lorenz63_rho26.04_s015,chaotic_flow,forecast,1215,800,14,0.8076002550449711,0.6590052055367717,0.6423660777788235,0.14859504950819946,0.16523417726614764,-0.01663912775794818,-0.01663912775794818,60,6,5,5,0
36,lorenz63_rho32.84_s016,chaotic_flow,forecast,1216,800,13,1.0053745735519866,0.861764290466195,0.6339244968674278,0.1436102830857916,0.37145007668455876,-0.22783979359876716,-0.22783979359876716,60,6,5,5,0
37,lorenz63_rho34.38_s017,chaotic_flow,forecast,1217,800,13,1.1191558627600422,1.0042003269175357,0.6939005654975031,0.1149555358425065,0.4252552972625391,-0.31029976142003257,-0.31029976142003257,60,6,5,5,0
38,lorenz63_rho41.93_s018,chaotic_flow,forecast,1218,800,12,0.9290788357494152,0.854239372800605,0.8583618520718667,0.07483946294881016,0.07071698367754853,0.0041224792712616365,0.0041224792712616365,60,6,5,5,0
39,lorenz63_rho22.98_s019,chaotic_flow,forecast,1219,800,7,0.0261035358243657,0.6875007908738122,1.017245013086348,-0.6613972550494465,-0.9911414772619822,0.32974422221253574,0.32974422221253574,60,6,5,5,0
40,rossler_c8.73_s000,chaotic_flow,forecast,1300,800,21,0.2491725366449691,0.7487678760024926,0.8759070562271063,-0.49959533935752354,-0.6267345195821372,0.12713918022461368,0.12713918022461368,60,6,5,5,0
41,rossler_c7.94_s001,chaotic_flow,forecast,1301,800,22,2.0,1.9627377090762075,1.4227903045038994,0.03726229092379252,0.5772096954961006,-0.539947404572308,-0.539947404572308,60,6,5,5,0
42,rossler_c4.05_s002,chaotic_flow,forecast,1302,800,22,0.2383601545250462,0.7959604005933825,1.1721462284083004,-0.5576002460683362,-0.9337860738832542,0.37618582781491794,0.37618582781491794,60,6,5,5,0
43,rossler_c7.60_s003,chaotic_flow,forecast,1303,800,21,0.9077591916762336,1.952458081711535,0.9335606290480236,-1.0446988900353014,-0.02580143737178997,-1.0188974526635113,-1.0188974526635113,60,6,5,5,0
44,rossler_c6.23_s004,chaotic_flow,forecast,1304,800,22,0.3826849460748569,0.6449230240810725,1.0806808081225565,-0.26223807800621557,-0.6979958620476996,0.435757784041484,0.435757784041484,60,6,5,5,0
45,rossler_c8.89_s005,chaotic_flow,forecast,1305,800,21,0.4216279272275556,0.6037515103847855,0.8815364904697112,-0.18212358315722987,-0.45990856324215557,0.2777849800849257,0.2777849800849257,60,6,5,5,0
46,rossler_c8.13_s006,chaotic_flow,forecast,1306,800,21,0.4182531047923453,0.6308638508576438,0.9357151358899644,-0.21261074606529856,-0.517462031097619,0.3048512850323205,0.3048512850323205,60,6,5,5,0
47,rossler_c6.96_s007,chaotic_flow,forecast,1307,800,21,0.2777748277464503,0.687716811953052,0.8708840061541953,-0.4099419842066017,-0.5931091784077449,0.18316719420114325,0.18316719420114325,60,6,5,5,0
48,rossler_c5.57_s008,chaotic_flow,forecast,1308,800,21,0.4731861061171106,0.6700180989910193,1.173325775863797,-0.19683199287390868,-0.7001396697466864,0.5033076768727777,0.5033076768727777,60,6,5,5,0
49,rossler_c5.22_s009,chaotic_flow,forecast,1309,800,21,0.4428560943846481,0.7438119509050732,1.2554790610287654,-0.3009558565204251,-0.8126229666441173,0.5116671101236921,0.5116671101236921,60,6,5,5,0
50,rossler_c4.90_s010,chaotic_flow,forecast,1310,800,22,0.1690054603232201,0.8633707878731242,0.9555293140101152,-0.694365327549904,-0.786523853686895,0.09215852613699105,0.09215852613699105,60,6,5,5,0
51,rossler_c8.37_s011,chaotic_flow,forecast,1311,800,20,0.3323384890798816,0.671921048326289,0.8751121422711642,-0.33958255924640735,-0.5427736531912826,0.20319109394487522,0.20319109394487522,60,6,5,5,0
52,rossler_c6.39_s012,chaotic_flow,forecast,1312,800,22,0.5362882715558992,0.8991301205895875,1.0590497629355202,-0.3628418490336883,-0.522761491379621,0.1599196423459327,0.1599196423459327,60,6,5,5,0
53,rossler_c5.85_s013,chaotic_flow,forecast,1313,800,22,0.2961862577120878,0.5813206919898267,1.030437186057596,-0.28513443427773894,-0.7342509283455083,0.4491164940677693,0.4491164940677693,60,6,5,5,0
54,rossler_c6.57_s014,chaotic_flow,forecast,1314,800,21,0.3882556640867307,0.6928796188226918,0.9870412081531149,-0.3046239547359611,-0.5987855440663843,0.29416158933042313,0.29416158933042313,60,6,5,5,0
55,rossler_c4.51_s015,chaotic_flow,forecast,1315,800,21,0.2874150879639763,0.3698677723717321,0.9668839392729844,-0.08245268440775577,-0.6794688513090081,0.5970161669012524,0.5970161669012524,60,6,5,5,0
56,rossler_c5.43_s016,chaotic_flow,forecast,1316,800,21,0.4666723251151961,0.7390969492277204,1.2015417220461908,-0.2724246241125243,-0.7348693969309947,0.4624447728184704,0.4624447728184704,60,6,5,5,0
57,rossler_c7.34_s017,chaotic_flow,forecast,1317,800,22,0.3874285508338809,0.5770332781544407,0.9615391329692526,-0.18960472732055983,-0.5741105821353718,0.3845058548148119,0.3845058548148119,60,6,5,5,0
58,rossler_c7.08_s018,chaotic_flow,forecast,1318,800,21,0.2717061178439426,0.6814884327778831,0.8700672176556256,-0.40978231493394046,-0.598361099811683,0.1885787848777425,0.1885787848777425,60,6,5,5,0
59,rossler_c4.43_s019,chaotic_flow,forecast,1319,800,21,0.2393693543588397,0.4829611826929748,1.0067063309636077,-0.2435918283341351,-0.7673369766047681,0.523745148270633,0.523745148270633,60,6,5,5,0
60,logistic_r3.7811_s000,chaotic_map,forecast,1400,800,2,0.8876297808932987,0.5197594680224595,0.3092118608365843,0.36787031287083916,0.5784179200567143,-0.21054760718587523,-0.21054760718587523,60,6,5,5,0
61,logistic_r3.7298_s001,chaotic_map,forecast,1401,800,4,0.9516138304914092,0.6578411883914298,0.669405563521098,0.29377264209997944,0.2822082669703112,0.011564375129668236,0.011564375129668236,60,6,5,5,0
62,logistic_r3.9605_s002,chaotic_map,forecast,1402,800,1,6.965038365394176e-08,2.790291534013988e-05,1.9595444949161762e-10,-2.783326495648594e-05,6.945442920445014e-08,-2.790271938569039e-05,-2.790271938569039e-05,60,6,5,5,0
63,logistic_r3.9984_s003,chaotic_map,forecast,1403,800,1,0.9734365798531868,0.5982196244692515,0.6408044554448704,0.3752169553839353,0.33263212440831635,0.04258483097561894,0.04258483097561894,60,6,5,5,0
64,logistic_r3.8279_s004,chaotic_map,forecast,1404,800,2,0.9963207197957522,0.6563447847535093,0.21639654974987305,0.3399759350422429,0.7799241700458792,-0.4399482350036363,-0.4399482350036363,60,6,5,5,0
65,logistic_r3.9325_s005,chaotic_map,forecast,1405,800,1,0.902602474253329,0.484363245801315,0.43151441248010675,0.41823922845201394,0.4710880617732222,-0.052848833321208266,-0.052848833321208266,60,6,5,5,0
66,logistic_r3.8640_s006,chaotic_map,forecast,1406,800,2,0.716115185289785,0.5615202814447836,0.1781258780588033,0.1545949038450014,0.5379893072309817,-0.3833944033859803,-0.3833944033859803,60,6,5,5,0
67,logistic_r3.6165_s007,chaotic_map,forecast,1407,800,186,0.3495804474387166,0.3600733854119226,0.35336430652857703,-0.010492937973205996,-0.003783859089860453,-0.006709078883345543,-0.006709078883345543,60,6,5,5,0
68,logistic_r3.6226_s008,chaotic_map,forecast,1408,800,186,0.410614107448429,0.3965967150822868,0.38260636515211444,0.014017392366142245,0.028007742296314586,-0.013990349930172341,-0.013990349930172341,60,6,5,5,0
69,logistic_r3.6491_s009,chaotic_map,forecast,1409,800,186,0.5249479444356503,0.48526171057072975,0.46056493724906566,0.03968623386492054,0.06438300718658463,-0.02469677332166409,-0.02469677332166409,60,6,5,5,0
70,logistic_r3.9420_s010,chaotic_map,forecast,1410,800,1,0.9146721560192246,0.5156870770757311,0.4507331317341653,0.39898507894349344,0.4639390242850593,-0.06495394534156584,-0.06495394534156584,60,6,5,5,0
71,logistic_r3.7705_s011,chaotic_map,forecast,1411,800,3,0.9419722709168964,0.7616260098149475,0.6461090589290969,0.18034626110194885,0.2958632119877995,-0.11551695088585068,-0.11551695088585068,60,6,5,5,0
72,logistic_r3.6714_s012,chaotic_map,forecast,1412,800,186,0.5733013932859203,0.5991977857575257,0.5473693879432971,-0.025896392471605356,0.025932005342623188,-0.051828397814228544,-0.051828397814228544,60,6,5,5,0
73,logistic_r3.7042_s013,chaotic_map,forecast,1413,800,4,0.8451598201724245,0.617085250453941,0.5834949621717086,0.2280745697184835,0.2616648580007159,-0.03359028828223243,-0.03359028828223243,60,6,5,5,0
74,logistic_r3.8803_s014,chaotic_map,forecast,1414,800,2,0.8879097300704086,0.6325091718239517,0.19661298435470692,0.2554005582464569,0.6912967457157018,-0.4358961874692448,-0.4358961874692448,60,6,5,5,0
75,logistic_r3.8526_s015,chaotic_map,forecast,1415,800,148,0.0421545645508689,0.15092146283820237,0.04646650640340494,-0.10876689828733348,-0.0043119418525360415,-0.10445495643479744,-0.10445495643479744,60,6,5,5,0
76,logistic_r3.7406_s016,chaotic_map,forecast,1416,800,2,2.4298908468159036e-08,0.17122515651457612,2.8254868614893693e-09,-0.17122513221566765,2.1473421606669668e-08,-0.17122515368908925,-0.17122515368908925,60,6,5,5,0
77,logistic_r3.9014_s017,chaotic_map,forecast,1417,800,2,0.9343437858958294,0.6772555739558862,0.24418148825348893,0.25708821193994325,0.6901622976423405,-0.43307408570239725,-0.43307408570239725,60,6,5,5,0
78,logistic_r3.6964_s018,chaotic_map,forecast,1418,800,7,0.9544664574217157,0.8739132721674707,0.8928181060750611,0.08055318525424493,0.061648351346654584,0.018904833907590346,0.018904833907590346,60,6,5,5,0
79,logistic_r3.8078_s019,chaotic_map,forecast,1419,800,2,0.9655200115626092,0.5810261882502271,0.23003822181210234,0.38449382331238213,0.7354817897505069,-0.3509879664381248,-0.3509879664381248,60,6,5,5,0
80,henon_a1.124_s000,chaotic_map,forecast,1500,800,186,0.5448361559950299,0.5538822722512813,0.5155163902268778,-0.009046116256251402,0.029319765768152095,-0.0383658820244035,-0.0383658820244035,60,6,5,5,0
81,henon_a1.224_s001,chaotic_map,forecast,1501,800,2,0.7489753400570789,0.5626343616323686,0.6219151108688328,0.1863409784247103,0.1270602291882461,0.0592807492364642,0.0592807492364642,60,6,5,5,0
82,henon_a1.010_s002,chaotic_map,forecast,1502,800,186,9.770691430430762e-07,0.01156786383252272,5.589475853584812e-10,-0.011566886763379677,9.765101954577177e-07,-0.011567863273575134,-0.011567863273575134,60,6,5,5,0
83,henon_a1.194_s003,chaotic_map,forecast,1503,800,7,0.8352660382294204,0.8733039415398838,0.8797478835562129,-0.03803790331046342,-0.04448184532679256,0.0064439420163291405,0.0064439420163291405,60,6,5,5,0
84,henon_a1.399_s004,chaotic_map,forecast,1504,800,1,0.8319022707619081,0.5685838719061059,0.4476087678594646,0.2633183988558022,0.3842935029024436,-0.12097510404664136,-0.12097510404664136,60,6,5,5,0
85,henon_a1.252_s005,chaotic_map,forecast,1505,800,2,8.459219192070076e-08,0.010842858587870815,0.37002193696946495,-0.010842773995678893,-0.37002185237727303,0.35917907838159413,0.35917907838159413,60,6,5,5,0
86,henon_a1.032_s006,chaotic_map,forecast,1506,800,186,1.0906471791797894e-06,0.04527716667518219,0.02512654191809466,-0.04527607602800301,-0.02512545127091548,-0.020150624757087527,-0.020150624757087527,60,6,5,5,0
87,henon_a1.339_s007,chaotic_map,forecast,1507,800,2,0.877403479201269,0.7451636241877941,0.5950516022612677,0.1322398550134749,0.2823518769400013,-0.1501120219265264,-0.1501120219265264,60,6,5,5,0
88,henon_a1.079_s008,chaotic_map,forecast,1508,800,186,0.1636985672205634,0.23900440072346274,0.17755335879534034,-0.07530583350289935,-0.013854791574776953,-0.061451041928122396,-0.061451041928122396,60,6,5,5,0
89,henon_a1.360_s009,chaotic_map,forecast,1509,800,1,0.7767432125693978,0.4725555906046347,0.45268644543421743,0.3041876219647631,0.3240567671351804,-0.01986914517041727,-0.01986914517041727,60,6,5,5,0
90,henon_a1.047_s010,chaotic_map,forecast,1510,800,186,1.150441034034418e-06,0.07076795323263387,0.04394231179955929,-0.07076680279159983,-0.04394116135852526,-0.026825641433074573,-0.026825641433074573,60,6,5,5,0
91,henon_a1.295_s011,chaotic_map,forecast,1511,800,2,0.7412030342225374,0.6258375101977841,0.6284001720058563,0.11536552402475331,0.11280286221668112,0.0025626618080721864,0.0025626618080721864,60,6,5,5,0
92,henon_a1.351_s012,chaotic_map,forecast,1512,800,2,0.9056521209731546,0.7239049371765197,0.6546069756337907,0.1817471837966349,0.25104514533936395,-0.06929796154272905,-0.06929796154272905,60,6,5,5,0
93,henon_a1.101_s013,chaotic_map,forecast,1513,800,186,2.3605898079192204e-06,0.04388096815787525,0.42092964245443076,-0.04387860756806733,-0.42092728186462286,0.37704867429655553,0.37704867429655553,60,6,5,5,0
94,henon_a1.082_s014,chaotic_map,forecast,1514,800,186,0.1613093700542259,0.26963392807165015,0.21699969077302042,-0.10832455801742424,-0.05569032071879451,-0.05263423729862973,-0.05263423729862973,60,6,5,5,0
95,henon_a1.163_s015,chaotic_map,forecast,1515,800,11,1.1159602669580695,0.9765272812690209,0.9797608249355858,0.1394329856890486,0.13619944202248369,0.0032335436665649198,0.0032335436665649198,60,6,5,5,0
96,henon_a1.272_s016,chaotic_map,forecast,1516,800,2,0.3297682383876916,0.6739997359543887,0.5347507606020511,-0.3442314975666971,-0.20498252221435947,-0.1392489753523376,-0.1392489753523376,60,6,5,5,0
97,henon_a1.150_s017,chaotic_map,forecast,1517,800,186,0.6281418570997908,0.8080837629850015,0.8679604011288731,-0.17994190588521075,-0.23981854402908231,0.05987663814387156,0.05987663814387156,60,6,5,5,0
98,henon_a1.306_s018,chaotic_map,forecast,1518,800,2,0.0028422209101672,0.05183137483661766,0.5387633771707577,-0.04898915392645046,-0.5359211562605906,0.4869320023341401,0.4869320023341401,60,6,5,5,0
99,henon_a1.219_s019,chaotic_map,forecast,1519,800,4,0.8866593998327746,0.7496046823924227,0.7912033851740824,0.13705471744035191,0.09545601465869225,0.04159870278165967,0.04159870278165967,60,6,5,5,0
340,ikeda_u0.722_s000,chaotic_map,forecast,2900,800,2,1.0051615556117202,0.873199797407586,0.9373303025533732,0.13196175820413414,0.06783125305834692,0.06413050514578722,0.06413050514578722,60,6,5,5,0
341,ikeda_u0.746_s001,chaotic_map,forecast,2901,800,2,0.916280413471786,0.8354133944242114,0.7967664373562774,0.08086701904757465,0.11951397611550862,-0.038646957067933974,-0.038646957067933974,60,6,5,5,0
342,ikeda_u0.763_s002,chaotic_map,forecast,2902,800,2,0.945296402463986,0.8509644575778212,0.8345434444145063,0.09433194488616481,0.11075295804947971,-0.0164210131633149,-0.0164210131633149,60,6,5,5,0
343,ikeda_u0.801_s003,chaotic_map,forecast,2903,800,2,0.7859342997222872,0.8192104965125946,0.825295835706419,-0.033276196790307355,-0.039361535984131724,0.006085339193824368,0.006085339193824368,60,6,5,5,0
344,ikeda_u0.864_s004,chaotic_map,forecast,2904,800,1,0.8771025999574713,0.8468589301928545,0.8623747360654412,0.030243669764616787,0.014727863892030069,0.015515805872586719,0.015515805872586719,60,6,5,5,0
345,ikeda_u0.855_s005,chaotic_map,forecast,2905,800,1,0.8640646211080718,0.8502669969435892,0.8746894046393424,0.013797624164482603,-0.01062478353127061,0.024422407695753212,0.024422407695753212,60,6,5,5,0
346,ikeda_u0.812_s006,chaotic_map,forecast,2906,800,1,0.7565479343190296,0.7821597273767026,0.8619369390277467,-0.025611793057673027,-0.10538900470871715,0.07977721165104412,0.07977721165104412,60,6,5,5,0
347,ikeda_u0.883_s007,chaotic_map,forecast,2907,800,1,0.8725851760669674,0.8855229152926045,0.905643898276427,-0.012937739225637124,-0.0330587222094596,0.020120982983822477,0.020120982983822477,60,6,5,5,0
348,ikeda_u0.755_s008,chaotic_map,forecast,2908,800,2,0.8972718956981943,0.8126000108864893,0.7821616365495431,0.08467188481170507,0.11511025914865125,-0.030438374336946183,-0.030438374336946183,60,6,5,5,0
349,ikeda_u0.734_s009,chaotic_map,forecast,2909,800,2,1.0754802026062116,0.8548489131671102,0.8914243370192261,0.22063128943910137,0.1840558655869855,0.036575423852115874,0.036575423852115874,60,6,5,5,0
350,ikeda_u0.703_s010,chaotic_map,forecast,2910,800,2,0.987254158089052,0.8746757217755363,0.9186626980627358,0.11257843631351572,0.06859146002631622,0.0439869762871995,0.0439869762871995,60,6,5,5,0
351,ikeda_u0.829_s011,chaotic_map,forecast,2911,800,1,0.7606114325450608,0.8279544314655458,0.8912650895661994,-0.06734299892048501,-0.13065365702113863,0.06331065810065362,0.06331065810065362,60,6,5,5,0
352,ikeda_u0.794_s012,chaotic_map,forecast,2912,800,2,0.8275299611826044,0.8897049355548889,0.8502151329496432,-0.062174974372284586,-0.02268517176703888,-0.039489802605245705,-0.039489802605245705,60,6,5,5,0
353,ikeda_u0.773_s013,chaotic_map,forecast,2913,800,2,0.8630553150950833,0.8842951985844141,0.86581241655587,-0.021239883489330813,-0.0027571014607867816,-0.01848278202854403,-0.01848278202854403,60,6,5,5,0
354,ikeda_u0.876_s014,chaotic_map,forecast,2914,800,1,0.928135043728174,0.9797222719510738,0.8855084669163011,-0.05158722822289974,0.042626576811872874,-0.09421380503477261,-0.09421380503477261,60,6,5,5,0
355,ikeda_u0.895_s015,chaotic_map,forecast,2915,800,1,0.9862994202103188,0.928530311324722,0.8910904466889701,0.05776910888559683,0.09520897352134872,-0.037439864635751885,-0.037439864635751885,60,6,5,5,0
356,ikeda_u0.848_s016,chaotic_map,forecast,2916,800,1,0.8441113214487622,0.8280635469160416,0.8227516565557733,0.01604777453272066,0.021359664892988905,-0.0053118903602682455,-0.0053118903602682455,60,6,5,5,0
357,ikeda_u0.833_s017,chaotic_map,forecast,2917,800,1,0.7801743149841784,0.8337261116036706,0.8789449528095283,-0.053551796619492165,-0.0987706378253499,0.04521884120585773,0.04521884120585773,60,6,5,5,0
358,ikeda_u0.780_s018,chaotic_map,forecast,2918,800,2,0.8607059135022695,0.8650927227382843,0.8231687442060742,-0.004386809236014755,0.03753716929619533,-0.04192397853221008,-0.04192397853221008,60,6,5,5,0
359,ikeda_u0.717_s019,chaotic_map,forecast,2919,800,2,0.9464755236434802,0.853556135766029,0.7939084209968195,0.09291938787745124,0.15256710264666073,-0.05964771476920949,-0.05964771476920949,60,6,5,5,0
360,tent_mu1.557_s000,chaotic_map,forecast,3000,800,3,0.8650741810649145,0.7167789227253735,0.5329620782434378,0.14829525833954105,0.33211210282147674,-0.1838168444819357,-0.1838168444819357,60,6,5,5,0
361,tent_mu1.958_s001,chaotic_map,forecast,3001,800,1,0.9634433964941288,0.6000807603320394,0.5908604612488664,0.3633626361620894,0.3725829352452624,-0.009220299083173011,-0.009220299083173011,60,6,5,5,0
362,tent_mu1.587_s002,chaotic_map,forecast,3002,800,3,0.9161245415693932,0.7323996155131198,0.5664452980864101,0.18372492605627333,0.34967924348298307,-0.16595431742670974,-0.16595431742670974,60,6,5,5,0
363,tent_mu1.796_s003,chaotic_map,forecast,3003,800,2,0.9824548947969284,0.6250291180357286,0.19200272864306078,0.3574257767611998,0.7904521661538676,-0.4330263893926678,-0.4330263893926678,60,6,5,5,0
364,tent_mu1.851_s004,chaotic_map,forecast,3004,800,2,0.9947166000270212,0.7109824962990935,0.32734961235851995,0.28373410372792773,0.6673669876685013,-0.38363288394057354,-0.38363288394057354,60,6,5,5,0
365,tent_mu1.906_s005,chaotic_map,forecast,3005,800,1,0.8641676842047542,0.45517986851149284,0.5549957627518685,0.40898781569326137,0.30917192145288575,0.09981589424037562,0.09981589424037562,60,6,5,5,0
366,tent_mu1.691_s006,chaotic_map,forecast,3006,800,2,0.9645860324398472,0.6404991661878823,0.15578715772125337,0.3240868662519649,0.8087988747185938,-0.4847120084666289,-0.4847120084666289,60,6,5,5,0
367,tent_mu1.879_s007,chaotic_map,forecast,3007,800,1,0.7517031583661261,0.4336044899094817,0.5289426298334096,0.3180986684566444,0.22276052853271655,0.09533813992392787,0.09533813992392787,60,6,5,5,0
368,tent_mu1.607_s008,chaotic_map,forecast,3008,800,2,0.9007617059863204,0.4861743323010202,0.3106855811290902,0.41458737368530024,0.5900761248572302,-0.17548875117192997,-0.17548875117192997,60,6,5,5,0
369,tent_mu1.820_s009,chaotic_map,forecast,3009,800,2,0.9843231359990048,0.6454733805352532,0.211930128973564,0.3388497554637516,0.7723930070254408,-0.43354325156168916,-0.43354325156168916,60,6,5,5,0
370,tent_mu1.914_s010,chaotic_map,forecast,3010,800,1,0.9087311291662028,0.45673496562138,0.5602799926585026,0.4519961635448228,0.3484511365077002,0.1035450270371226,0.1035450270371226,60,6,5,5,0
371,tent_mu1.800_s011,chaotic_map,forecast,3011,800,2,1.003183022872339,0.5970415082220707,0.19254901267673818,0.4061415146502684,0.8106340101956009,-0.4044924955453325,-0.4044924955453325,60,6,5,5,0
372,tent_mu1.672_s012,chaotic_map,forecast,3012,800,2,0.926862671275599,0.6085297120948309,0.19993574304560988,0.3183329591807681,0.7269269282299891,-0.40859396904922096,-0.40859396904922096,60,6,5,5,0
373,tent_mu1.619_s013,chaotic_map,forecast,3013,800,2,0.9049986518863274,0.5494464845489782,0.2904753780880978,0.3555521673373493,0.6145232737982296,-0.25897110646088034,-0.25897110646088034,60,6,5,5,0
374,tent_mu1.774_s014,chaotic_map,forecast,3014,800,2,0.950857299857728,0.585688884778477,0.15596261468576417,0.365168415079251,0.7948946851719638,-0.42972627009271286,-0.42972627009271286,60,6,5,5,0
375,tent_mu1.732_s015,chaotic_map,forecast,3015,800,2,0.9421852941069384,0.5302536131651762,0.14123270865946116,0.41193168094176225,0.8009525854474773,-0.389020904505715,-0.389020904505715,60,6,5,5,0
376,tent_mu1.653_s016,chaotic_map,forecast,3016,800,2,0.9405470713503394,0.5374871107688658,0.19365495113943426,0.40305996058147364,0.7468921202109051,-0.34383215962943153,-0.34383215962943153,60,6,5,5,0
377,tent_mu1.994_s017,chaotic_map,forecast,3017,800,1,0.9983909708757802,0.525246121074882,0.667067545167054,0.4731448498008982,0.3313234257087262,0.14182142409217202,0.14182142409217202,60,6,5,5,0
378,tent_mu1.718_s018,chaotic_map,forecast,3018,800,2,0.9526170927076656,0.6061213155692045,0.19892950973952628,0.34649577713846114,0.7536875829681393,-0.4071918058296782,-0.4071918058296782,60,6,5,5,0
379,tent_mu1.933_s019,chaotic_map,forecast,3019,800,1,0.8846066875742445,0.4754978689892489,0.6140864693454997,0.40910881858499565,0.27052021822874484,0.1385886003562508,0.1385886003562508,60,6,5,5,0
380,sine_map_a0.818_s000,chaotic_map,forecast,3100,800,186,3.532254777055999e-09,8.436219327079617e-06,6.8583929969442485e-12,-8.43268707230256e-06,3.525396384059055e-09,-8.43621246868662e-06,-8.43621246868662e-06,60,6,5,5,0
381,sine_map_a0.874_s001,chaotic_map,forecast,3101,800,186,0.3074326165331865,0.33252199465525334,0.355992593717651,-0.025089378122066852,-0.04855997718446453,0.02347059906239768,0.02347059906239768,60,6,5,5,0
382,sine_map_a0.856_s002,chaotic_map,forecast,3102,800,186,9.146617618163104e-08,0.0056185451194772995,7.736516181667326e-10,-0.005618453653301118,9.069252456346431e-08,-0.005618544345825681,-0.005618544345825681,60,6,5,5,0
383,sine_map_a0.908_s003,chaotic_map,forecast,3103,800,4,0.9520537200223896,0.6674384950199335,0.6104176605255697,0.2846152250024562,0.34163605949681997,-0.05702083449436379,-0.05702083449436379,60,6,5,5,0
384,sine_map_a0.828_s004,chaotic_map,forecast,3104,800,186,3.5299641157474262e-09,1.6505971733130816e-05,8.120509623018677e-12,-1.650244176901507e-05,3.5218436061244074e-09,-1.6505963612621193e-05,-1.6505963612621193e-05,60,6,5,5,0
385,sine_map_a0.900_s005,chaotic_map,forecast,3105,800,4,0.9291496951251452,0.6551260505809234,0.5673893499561152,0.2740236445442218,0.36176034516903,-0.0877367006248082,-0.0877367006248082,60,6,5,5,0
386,sine_map_a0.968_s006,chaotic_map,forecast,3106,800,2,1.0080171302692338,0.557577923773244,0.2379665645541682,0.4504392064959898,0.7700505657150656,-0.3196113592190758,-0.3196113592190758,60,6,5,5,0
387,sine_map_a0.979_s007,chaotic_map,forecast,3107,800,1,0.8537888329731855,0.519681630384877,0.4691792070361001,0.3341072025883085,0.3846096259370854,-0.050502423348776915,-0.050502423348776915,60,6,5,5,0
388,sine_map_a0.966_s008,chaotic_map,forecast,3108,800,2,0.9236629280312888,0.5464147937058287,0.2245208054060885,0.3772481343254601,0.6991421226252004,-0.3218939882997402,-0.3218939882997402,60,6,5,5,0
389,sine_map_a0.946_s009,chaotic_map,forecast,3109,800,148,0.0504174938023802,0.18606819039867578,0.05673720819418882,-0.13565069659629558,-0.006319714391808624,-0.12933098220448697,-0.12933098220448697,60,6,5,5,0
390,sine_map_a0.931_s010,chaotic_map,forecast,3110,800,2,0.920061689003942,0.5721749272528727,0.2524881186486268,0.34788676175106936,0.6675735703553152,-0.31968680860424586,-0.31968680860424586,60,6,5,5,0
391,sine_map_a0.783_s011,chaotic_map,forecast,3111,800,186,3.532897367776437e-09,8.436222112494706e-06,6.858201449797681e-12,-8.432689215126929e-06,3.526039166326639e-09,-8.436215254293257e-06,-8.436215254293257e-06,60,6,5,5,0
392,sine_map_a0.844_s012,chaotic_map,forecast,3112,800,186,7.648716865111544e-07,0.00019956164284927976,1.6638342484887887e-09,-0.0001987967711627686,7.632078522626656e-07,-0.00019955997901503127,-0.00019955997901503127,60,6,5,5,0
393,sine_map_a0.805_s013,chaotic_map,forecast,3113,800,186,3.531736090666197e-09,8.436221946937065e-06,6.857983690970059e-12,-8.432690210846398e-06,3.524878106975227e-09,-8.436215088953374e-06,-8.436215088953374e-06,60,6,5,5,0
394,sine_map_a0.912_s014,chaotic_map,forecast,3114,800,2,6.071533417683225e-08,0.23432719356783133,0.027800385470591594,-0.23432713285249715,-0.027800324755257417,-0.20652680809723972,-0.20652680809723972,60,6,5,5,0
395,sine_map_a0.791_s015,chaotic_map,forecast,3115,800,186,3.531608513957373e-09,1.6505970879886915e-05,8.121722217216974e-12,-1.6502439271372958e-05,3.5234867917401557e-09,-1.6505962758164697e-05,-1.6505962758164697e-05,60,6,5,5,0
396,sine_map_a0.937_s016,chaotic_map,forecast,3116,800,2,0.8466977757099403,0.5428019049134779,0.1502437581013079,0.3038958707964624,0.6964540176086325,-0.39255814681217,-0.39255814681217,60,6,5,5,0
397,sine_map_a0.888_s017,chaotic_map,forecast,3117,800,186,0.4520266804463685,0.45057492384575787,0.4428418199854446,0.001451756600610643,0.009184860460923927,-0.007733103860313284,-0.007733103860313284,60,6,5,5,0
398,sine_map_a0.995_s018,chaotic_map,forecast,3118,800,1,0.9202212843207168,0.6100956496932022,0.5985438583384445,0.31012563462751463,0.32167742598227234,-0.011551791354757701,-0.011551791354757701,60,6,5,5,0
399,sine_map_a0.865_s019,chaotic_map,forecast,3119,800,186,4.826753139667314e-07,0.03866168892842049,0.03718455803190457,-0.038661206253106525,-0.0371840753565906,-0.001477130896515924,-0.001477130896515924,60,6,5,5,0
400,circle_map_k0.78_s000,chaotic_map,forecast,3200,800,1,0.098427623905314,0.44486558164894807,0.40147603580859326,-0.34643795774363406,-0.30304841190327925,-0.043389545840354815,-0.043389545840354815,60,6,5,5,0
401,circle_map_k1.46_s001,chaotic_map,forecast,3201,800,186,3.534132292935037e-09,8.436223412491612e-06,6.8608877676495735e-12,-8.432689280198676e-06,3.5272714051673878e-09,-8.436216551603843e-06,-8.436216551603843e-06,60,6,5,5,0
402,circle_map_k0.48_s002,chaotic_map,forecast,3202,800,1,0.2561987896187928,0.458616544727227,0.5241349050097579,-0.20241775510843424,-0.2679361153909651,0.06551836028253089,0.06551836028253089,60,6,5,5,0
403,circle_map_k0.54_s003,chaotic_map,forecast,3203,800,1,0.2874740770950471,0.39221572314451186,0.38288953953418575,-0.10474164604946479,-0.09541546243913868,-0.009326183610326111,-0.009326183610326111,60,6,5,5,0
404,circle_map_k1.14_s004,chaotic_map,forecast,3204,800,1,1.5215366543552245e-07,0.0006406309293196033,3.0342325682198396e-07,-0.0006404787756541677,-1.512695913864615e-07,-0.0006403275060627813,-0.0006403275060627813,60,6,5,5,0
405,circle_map_k0.96_s005,chaotic_map,forecast,3205,800,3,0.3515863679095728,0.47938930734554985,0.45649293236851846,-0.12780293943597704,-0.10490656445894564,-0.022896374977031397,-0.022896374977031397,60,6,5,5,0
406,circle_map_k0.65_s006,chaotic_map,forecast,3206,800,1,0.0362199991437476,0.4516553338576916,0.3033808806037352,-0.415435334713944,-0.2671608814599876,-0.14827445325395638,-0.14827445325395638,60,6,5,5,0
407,circle_map_k0.86_s007,chaotic_map,forecast,3207,800,1,0.3164204956910803,0.5045136542924906,0.44477748038707826,-0.18809315860141035,-0.128356984695998,-0.05973617390541236,-0.05973617390541236,60,6,5,5,0
408,circle_map_k1.31_s008,chaotic_map,forecast,3208,800,186,3.532344387600477e-09,1.6505971315767203e-05,8.120081849246408e-12,-1.6502438971379604e-05,3.5242243057512306e-09,-1.6505963195685353e-05,-1.6505963195685353e-05,60,6,5,5,0
409,circle_map_k1.41_s009,chaotic_map,forecast,3209,800,1,0.7426707703918919,0.7545942644687992,0.7663956045291808,-0.011923494076907293,-0.023724834137288875,0.011801340060381582,0.011801340060381582,60,6,5,5,0
410,circle_map_k0.34_s010,chaotic_map,forecast,3210,800,1,0.1962869994553751,0.39120787095957493,0.3937029450879388,-0.19492087150419984,-0.1974159456325637,0.002495074128363861,0.002495074128363861,60,6,5,5,0
411,circle_map_k1.04_s011,chaotic_map,forecast,3211,800,149,7.059780821389332e-07,7.174527584061692e-05,1.1016531380808084e-09,-7.103929775847798e-05,7.048764290008524e-07,-7.174417418747884e-05,-7.174417418747884e-05,60,6,5,5,0
412,circle_map_k0.87_s012,chaotic_map,forecast,3212,800,1,0.0683133412069713,0.38939245540018724,0.42294709883165643,-0.32107911419321594,-0.35463375762468513,0.03355464343146919,0.03355464343146919,60,6,5,5,0
413,circle_map_k1.20_s013,chaotic_map,forecast,3213,800,2,3.2306627653791456e-08,0.011077960422951333,0.10456211057335532,-0.011077928116323679,-0.10456207826672767,0.09348415015040398,0.09348415015040398,60,6,5,5,0
414,circle_map_k1.64_s014,chaotic_map,forecast,3214,800,1,0.7090843435635902,0.46567065759926385,0.48090731880616694,0.24341368596432633,0.22817702475742324,0.01523666120690309,0.01523666120690309,60,6,5,5,0
415,circle_map_k1.49_s015,chaotic_map,forecast,3215,800,1,3.877002258672475e-08,0.0013108351956467985,3.086256536488169e-10,-0.0013107964256242118,3.8461396933075934e-08,-0.0013108348870211448,-0.0013108348870211448,60,6,5,5,0
416,circle_map_k1.26_s016,chaotic_map,forecast,3216,800,148,1.1337904361688615e-07,0.00039760675783485845,3.1215036533674334e-10,-0.00039749337879124155,1.1306689325154941e-07,-0.0003976064456844931,-0.0003976064456844931,60,6,5,5,0
417,circle_map_k1.58_s017,chaotic_map,forecast,3217,800,1,0.0299973506461039,0.3661600914367612,0.6659734644665336,-0.33616274079065733,-0.6359761138204297,0.2998133730297724,0.2998133730297724,60,6,5,5,0
418,circle_map_k0.63_s018,chaotic_map,forecast,3218,800,1,0.2844017178756649,0.5062221203596106,0.40732469133918175,-0.2218204024839457,-0.12292297346351688,-0.0988974290204288,-0.0988974290204288,60,6,5,5,0
419,circle_map_k0.41_s019,chaotic_map,forecast,3219,800,2,0.2854102214872338,0.6377505068476923,0.5346682236952489,-0.3523402853604585,-0.24925800220801514,-0.10308228315244339,-0.10308228315244339,60,6,5,5,0
420,lozi_a1.72_b0.58_s000,chaotic_map,forecast,3300,800,2,0.5721427484880127,1.6150106994040343,2.0,-1.0428679509160217,-1.4278572515119872,0.3849893005959657,0.3849893005959657,60,6,5,5,0
421,lozi_a1.74_b0.37_s001,chaotic_map,forecast,3301,800,2,0.955313936112799,0.6795274361172416,0.5547512452600787,0.2757864999955574,0.40056269085272034,-0.12477619085716296,-0.12477619085716296,60,6,5,5,0
422,lozi_a1.57_b0.28_s002,chaotic_map,forecast,3302,800,2,0.8809520891977737,0.6276342240973465,0.4346230714207011,0.2533178651004272,0.44632901777707257,-0.19301115267664537,-0.19301115267664537,60,6,5,5,0
423,lozi_a1.66_b0.32_s003,chaotic_map,forecast,3303,800,2,0.9391082821676984,0.7290402597646546,0.4694787425025892,0.21006802240304379,0.4696295396651092,-0.2595615172620654,-0.2595615172620654,60,6,5,5,0
424,lozi_a1.84_b0.39_s004,chaotic_map,forecast,3304,800,2,0.388747704504977,0.5211214371688515,0.6665140659877299,-0.13237373266387453,-0.2777663614827529,0.14539262881887838,0.14539262881887838,60,6,5,5,0
425,lozi_a1.56_b0.44_s005,chaotic_map,forecast,3305,800,12,0.9081854273353476,0.961459093327181,0.9687398000785346,-0.053273665991833474,-0.06055437274318698,0.007280706751353505,0.007280706751353505,60,6,5,5,0
426,lozi_a1.53_b0.41_s006,chaotic_map,forecast,3306,800,28,0.7053827967134454,0.7355993385524142,0.7247042902924211,-0.030216541838968825,-0.019321493578975724,-0.010895048259993101,-0.010895048259993101,60,6,5,5,0
427,lozi_a1.49_b0.53_s007,chaotic_map,forecast,3307,800,186,3.5328974295564633e-09,1.650597171629648e-05,8.120530365109179e-12,-1.6502438818866924e-05,3.524776899191354e-09,-1.6505963595766115e-05,-1.6505963595766115e-05,60,6,5,5,0
428,lozi_a1.76_b0.30_s008,chaotic_map,forecast,3308,800,2,0.8986968601954725,0.6406647015771118,0.4430916777435351,0.2580321586183607,0.4556051824519374,-0.19757302383357667,-0.19757302383357667,60,6,5,5,0
429,lozi_a1.68_b0.48_s009,chaotic_map,forecast,3309,800,2,0.8757640807060973,0.6898472174081947,0.6330694655194938,0.1859168632979027,0.2426946151866035,-0.05677775188870082,-0.05677775188870082,60,6,5,5,0
430,lozi_a1.61_b0.62_s010,chaotic_map,forecast,3310,800,186,3.533667085003667e-09,1.650597116414975e-05,8.118112999750991e-12,-1.6502437497064745e-05,3.525548972003916e-09,-1.650596304603675e-05,-1.650596304603675e-05,60,6,5,5,0
431,lozi_a1.79_b0.65_s011,chaotic_map,forecast,3311,800,2,0.5202978375080147,0.6128617751086957,0.5316960410375607,-0.09256393760068093,-0.011398203529546014,-0.08116573407113492,-0.08116573407113492,60,6,5,5,0
432,lozi_a1.77_b0.61_s012,chaotic_map,forecast,3312,800,2,0.6350528551035217,0.1155918602863017,0.8397314263144477,0.51946099481722,-0.20467857121092603,0.724139566028146,0.724139566028146,60,6,5,5,0
433,lozi_a1.82_b0.46_s013,chaotic_map,forecast,3313,800,2,0.003280745916041,0.011944209476564858,0.10632851141194102,-0.008663463560523858,-0.10304776549590003,0.09438430193537617,0.09438430193537617,60,6,5,5,0
434,lozi_a1.48_b0.50_s014,chaotic_map,forecast,3314,800,186,3.531747722700158e-09,1.6505969877465184e-05,8.123136988609597e-12,-1.6502438129742483e-05,3.523624585711548e-09,-1.6505961754328194e-05,-1.6505961754328194e-05,60,6,5,5,0
435,lozi_a1.64_b0.53_s015,chaotic_map,forecast,3315,800,12,0.9373882000946396,0.993155733455944,0.9602992776665259,-0.055767533361304356,-0.022911077571886262,-0.03285645578941809,-0.03285645578941809,60,6,5,5,0
436,lozi_a1.62_b0.55_s016,chaotic_map,forecast,3316,800,40,1.0626471571750895,0.992450350016718,1.0513786263562686,0.07019680715837151,0.011268530818820954,0.058928276339550556,0.058928276339550556,60,6,5,5,0
437,lozi_a1.52_b0.40_s017,chaotic_map,forecast,3317,800,27,0.9894855024100246,0.9713929973719034,0.9920551811879482,0.01809250503812121,-0.0025696787779235786,0.020662183816044788,0.020662183816044788,60,6,5,5,0
438,lozi_a1.45_b0.27_s018,chaotic_map,forecast,3318,800,43,0.6739874311228429,0.8108935015849285,0.7212421889970574,-0.13690607046208558,-0.047254757874214515,-0.08965131258787107,-0.08965131258787107,60,6,5,5,0
439,lozi_a1.71_b0.34_s019,chaotic_map,forecast,3319,800,2,0.9177639390185804,0.6598229861376836,0.4840861122748655,0.2579409528808968,0.43367782674371497,-0.17573687386281817,-0.17573687386281817,60,6,5,5,0
440,standard_map_k1.12_s000,chaotic_map,forecast,3400,800,7,1.021688677235843e-06,0.5585735800413125,0.8736108080585326,-0.5585725583526353,-0.8736097863698554,0.3150372280172201,0.3150372280172201,60,6,5,5,0
441,standard_map_k1.76_s001,chaotic_map,forecast,3401,800,1,0.9379651878989682,0.9972689398444213,0.9983455943222771,-0.05930375194545312,-0.060380406423308886,0.0010766544778557652,0.0010766544778557652,60,6,5,5,0
442,standard_map_k1.88_s002,chaotic_map,forecast,3402,800,1,0.9519682879230588,1.0537169467097343,1.142235289557915,-0.1017486587866755,-0.19026700163485633,0.08851834284818083,0.08851834284818083,60,6,5,5,0
443,standard_map_k0.85_s003,chaotic_map,forecast,3403,800,2,2.671892078561149e-05,0.5080276216706258,0.9434184496301601,-0.5080009027498401,-0.9433917307093744,0.4353908279595343,0.4353908279595343,60,6,5,5,0
444,standard_map_k1.28_s004,chaotic_map,forecast,3404,800,2,0.0002894296667539,0.416452566106698,0.9705094153431288,-0.4161631364399441,-0.9702199856763749,0.5540568492364308,0.5540568492364308,60,6,5,5,0
445,standard_map_k0.87_s005,chaotic_map,forecast,3405,800,2,3.0732642778795075e-06,0.4301778563358968,0.7137327675950176,-0.4301747830716189,-0.7137296943307397,0.2835549112591208,0.2835549112591208,60,6,5,5,0
446,standard_map_k2.07_s006,chaotic_map,forecast,3406,800,1,0.7062310930342486,1.0103045323638347,1.0523420273877973,-0.3040734393295861,-0.34611093435354867,0.04203749502396259,0.04203749502396259,60,6,5,5,0
447,standard_map_k1.18_s007,chaotic_map,forecast,3407,800,4,0.9608847850557996,0.9998744559823391,0.9750434915470335,-0.0389896709265396,-0.014158706491233963,-0.024830964435305636,-0.024830964435305636,60,6,5,5,0
448,standard_map_k0.75_s008,chaotic_map,forecast,3408,800,2,0.0021547624492107,0.638876076802474,0.8157012401437322,-0.6367213143532634,-0.8135464776945216,0.1768251633412582,0.1768251633412582,60,6,5,5,0
449,standard_map_k1.46_s009,chaotic_map,forecast,3409,800,2,0.8549546042573405,0.9695384848072975,0.9896463470044524,-0.11458388054995705,-0.13469174274711193,0.02010786219715488,0.02010786219715488,60,6,5,5,0
450,standard_map_k2.13_s010,chaotic_map,forecast,3410,800,1,0.0001036837705691,0.7708309116651029,0.8087012954936735,-0.7707272278945337,-0.8085976117231044,0.037870383828570664,0.037870383828570664,60,6,5,5,0
451,standard_map_k1.94_s011,chaotic_map,forecast,3411,800,1,2.4051202452804015e-06,0.5939225521338131,0.9797800899139281,-0.5939201470135678,-0.9797776847936828,0.385857537780115,0.385857537780115,60,6,5,5,0
452,standard_map_k0.97_s012,chaotic_map,forecast,3412,800,5,7.196942573363304e-07,0.509125548967761,0.8894517282655673,-0.5091248292735037,-0.88945100857131,0.3803261792978063,0.3803261792978063,60,6,5,5,0
453,standard_map_k1.70_s013,chaotic_map,forecast,3413,800,2,0.9420258800266192,0.9957918639106687,1.0178223829340463,-0.053765983884049406,-0.07579650290742701,0.022030519023377604,0.022030519023377604,60,6,5,5,0
454,standard_map_k1.32_s014,chaotic_map,forecast,3414,800,2,1.2059102001456945,1.164862083370343,1.1445763904838822,0.041048116775351584,0.061333809661812344,-0.02028569288646076,-0.02028569288646076,60,6,5,5,0
455,standard_map_k1.03_s015,chaotic_map,forecast,3415,800,5,3.7654535173021168e-06,0.6160451823862969,1.0013804857574178,-0.6160414169327796,-1.0013767203039006,0.3853353033711209,0.3853353033711209,60,6,5,5,0
456,standard_map_k1.42_s016,chaotic_map,forecast,3416,800,1,8.564759197509468e-07,0.4333393156627722,0.7507079643025987,-0.43333845918685243,-0.7507071078266789,0.3173686486398265,0.3173686486398265,60,6,5,5,0
457,standard_map_k1.64_s017,chaotic_map,forecast,3417,800,1,0.295388377540396,0.8900038193125352,0.9864005809310402,-0.5946154417721392,-0.6910122033906443,0.09639676161850497,0.09639676161850497,60,6,5,5,0
458,standard_map_k1.55_s018,chaotic_map,forecast,3418,800,1,7.053289507141794e-06,0.5048050123892992,0.9812358484735328,-0.5047979590997921,-0.9812287951840257,0.47643083608423364,0.47643083608423364,60,6,5,5,0
459,standard_map_k1.98_s019,chaotic_map,forecast,3419,800,1,0.9002227849895327,0.9867486893917035,0.9964023217919088,-0.08652590440217078,-0.09617953680237612,0.009653632400205336,0.009653632400205336,60,6,5,5,0
460,quadratic_map_a1.597_s000,chaotic_map,forecast,3500,800,4,0.8616695832771193,0.6062408476591002,0.598731110676219,0.25542873561801904,0.2629384726009003,-0.0075097369828812655,-0.0075097369828812655,60,6,5,5,0
461,quadratic_map_a1.847_s001,chaotic_map,forecast,3501,800,2,0.9644325805308656,0.578379760817246,0.2234258702146006,0.3860528197136196,0.741006710316265,-0.35495389060264537,-0.35495389060264537,60,6,5,5,0
462,quadratic_map_a1.410_s002,chaotic_map,forecast,3502,800,186,0.1005128023605463,0.15381940001620004,0.104007287420433,-0.05330659765565374,-0.0034944850598866983,-0.04981211259576704,-0.04981211259576704,60,6,5,5,0
463,quadratic_map_a1.749_s003,chaotic_map,forecast,3503,800,2,0.8416770686284456,0.5142563291052735,0.2283271004256816,0.3274207395231721,0.613349968202764,-0.2859292286795919,-0.2859292286795919,60,6,5,5,0
464,quadratic_map_a1.529_s004,chaotic_map,forecast,3504,800,186,0.5500370010965528,0.5650842251894801,0.5862349419390984,-0.015047224092927247,-0.03619794084254557,0.021150716749618326,0.021150716749618326,60,6,5,5,0
465,quadratic_map_a1.636_s005,chaotic_map,forecast,3505,800,2,0.6148854629486921,0.5138679710973614,0.27361603583814786,0.10101749185133069,0.3412694271105442,-0.2402519352592135,-0.2402519352592135,60,6,5,5,0
466,quadratic_map_a1.443_s006,chaotic_map,forecast,3506,800,186,0.3214443899230592,0.327847116858958,0.3162659249528816,-0.006402726935898828,0.005178464970177599,-0.011581191906076427,-0.011581191906076427,60,6,5,5,0
467,quadratic_map_a1.926_s007,chaotic_map,forecast,3507,800,1,0.9173198156570772,0.5034276373983162,0.44088775609367753,0.413892178258761,0.4764320595633997,-0.06253988130463867,-0.06253988130463867,60,6,5,5,0
468,quadratic_map_a1.712_s008,chaotic_map,forecast,3508,800,2,0.9268072539994566,0.5424461696923765,0.22184327728892297,0.38436108430708016,0.7049639767105337,-0.3206028924034535,-0.3206028924034535,60,6,5,5,0
469,quadratic_map_a1.656_s009,chaotic_map,forecast,3509,800,3,0.8780719870380667,0.6851080746750323,0.5659224834174659,0.19296391236303434,0.3121495036206008,-0.11918559125756645,-0.11918559125756645,60,6,5,5,0
470,quadratic_map_a1.810_s010,chaotic_map,forecast,3510,800,2,0.7799396746302052,0.5986283319976031,0.21418156034192873,0.18131134263260207,0.5657581142882765,-0.3844467716556744,-0.3844467716556744,60,6,5,5,0
471,quadratic_map_a1.693_s011,chaotic_map,forecast,3511,800,2,0.8767130314233793,0.5868400527228219,0.291449671971035,0.2898729787005574,0.5852633594523443,-0.2953903807517869,-0.2953903807517869,60,6,5,5,0
472,quadratic_map_a1.916_s012,chaotic_map,forecast,3512,800,1,0.991719486539976,0.611658364928633,0.43644667135305154,0.380061121611343,0.5552728151869244,-0.17521169357558147,-0.17521169357558147,60,6,5,5,0
473,quadratic_map_a1.476_s013,chaotic_map,forecast,3513,800,186,9.295324845994464e-07,0.0003512409227954053,2.279873549017871e-10,-0.0003503113903108059,9.293044972445446e-07,-0.0003512406948080504,-0.0003512406948080504,60,6,5,5,0
474,quadratic_map_a1.572_s014,chaotic_map,forecast,3514,800,6,0.929952431263484,0.7576863135400808,0.8329685753387708,0.17226611772340328,0.09698385592471326,0.07528226179869002,0.07528226179869002,60,6,5,5,0
475,quadratic_map_a1.484_s015,chaotic_map,forecast,3515,800,186,0.0354886525939591,0.07005874221865566,0.06882132602651712,-0.03457008962469656,-0.033332673432558024,-0.0012374161921385324,-0.0012374161921385324,60,6,5,5,0
476,quadratic_map_a1.868_s016,chaotic_map,forecast,3516,800,2,0.950081354232976,0.6845877403192244,0.2735365641945683,0.2654936139137516,0.6765447900384077,-0.41105117612465614,-0.41105117612465614,60,6,5,5,0
477,quadratic_map_a1.990_s017,chaotic_map,forecast,3517,800,1,1.0070187934327697,0.7127884649460868,0.6347357932783894,0.29423032848668285,0.3722830001543803,-0.07805267166769747,-0.07805267166769747,60,6,5,5,0
478,quadratic_map_a1.787_s018,chaotic_map,forecast,3518,800,148,0.060042600019544,0.2097139834810039,0.061147209065600144,-0.1496713834614599,-0.0011046090460561445,-0.14856677441540375,-0.14856677441540375,60,6,5,5,0
479,quadratic_map_a1.379_s019,chaotic_map,forecast,3519,800,186,1.111103445776718e-06,0.0036874258291935435,0.024963612104634273,-0.003686314725747767,-0.024962501001188495,0.02127618627544073,0.02127618627544073,60,6,5,5,0
480,duffing_g0.39_w0.93_s000,chaotic_flow,forecast,3600,800,25,0.0497886337743446,0.442413539413908,0.9613612060104514,-0.39262490563956337,-0.9115725722361068,0.5189476665965433,0.5189476665965433,60,6,5,5,0
481,duffing_g0.43_w0.97_s001,chaotic_flow,forecast,3601,800,24,0.005954609821814,0.3798546308878589,0.9644899253963894,-0.3739000210660449,-0.9585353155745755,0.5846352945085305,0.5846352945085305,60,6,5,5,0
482,duffing_g0.34_w1.10_s002,chaotic_flow,forecast,3602,800,37,2.0,2.0,2.0,0.0,0.0,0.0,0.0,60,6,5,5,0
483,duffing_g0.41_w1.40_s003,chaotic_flow,forecast,3603,800,25,1.2258631245369236,2.0,1.293432512783383,-0.7741368754630764,-0.06756938824645942,-0.706567487216617,-0.706567487216617,60,6,5,5,0
484,duffing_g0.30_w1.36_s004,chaotic_flow,forecast,3604,800,18,0.0203816850617993,0.24089366409493124,0.926836255216259,-0.22051197903313194,-0.9064545701544597,0.6859425911213277,0.6859425911213277,60,6,5,5,0
485,duffing_g0.27_w1.28_s005,chaotic_flow,forecast,3605,800,48,2.0,1.957589245536215,0.9599286141777438,0.04241075446378506,1.0400713858222561,-0.9976606313584712,-0.9976606313584712,60,6,5,5,0
486,duffing_g0.42_w1.02_s006,chaotic_flow,forecast,3606,800,23,0.0548346096357323,0.35551083045581033,1.0431428143012513,-0.30067622082007806,-0.988308204665519,0.687631983845441,0.687631983845441,60,6,5,5,0
487,duffing_g0.44_w1.31_s007,chaotic_flow,forecast,3607,800,34,1.5370007126249934,2.0,1.183277736095881,-0.4629992873750066,0.35372297652911233,-0.816722263904119,-0.816722263904119,60,6,5,5,0
488,duffing_g0.48_w1.05_s008,chaotic_flow,forecast,3608,800,33,1.6895571694101283,0.7257135104048467,1.3198311128376221,0.9638436590052817,0.36972605657250623,0.5941176024327754,0.5941176024327754,60,6,5,5,0
489,duffing_g0.31_w0.92_s009,chaotic_flow,forecast,3609,800,33,2.0,1.165583823484564,1.8720411071554455,0.8344161765154361,0.12795889284455453,0.7064572836708816,0.7064572836708816,60,6,5,5,0
490,duffing_g0.29_w1.06_s010,chaotic_flow,forecast,3610,800,63,1.4910183397642254,1.3338195765977727,2.0,0.15719876316645265,-0.5089816602357746,0.6661804234022273,0.6661804234022273,60,6,5,5,0
491,duffing_g0.37_w1.10_s011,chaotic_flow,forecast,3611,800,37,1.077236572897238,1.0411367550976767,0.8003209982976962,0.036099817799561285,0.27691557459954175,-0.24081575679998046,-0.24081575679998046,60,6,5,5,0
492,duffing_g0.28_w1.34_s012,chaotic_flow,forecast,3612,800,67,1.0061188187680494,1.580186000682248,1.1118637300571006,-0.5740671819141985,-0.10574491128905117,-0.4683222706251473,-0.4683222706251473,60,6,5,5,0
493,duffing_g0.25_w1.23_s013,chaotic_flow,forecast,3613,800,26,0.5950810230750406,1.2528899144466463,1.5665549180395189,-0.6578088913716057,-0.9714738949644782,0.3136650035928725,0.3136650035928725,60,6,5,5,0
494,duffing_g0.23_w1.27_s014,chaotic_flow,forecast,3614,800,19,0.1146949129266814,0.47178505933939824,1.0225236869065488,-0.35709014641271686,-0.9078287739798674,0.5507386275671506,0.5507386275671506,60,6,5,5,0
495,duffing_g0.35_w1.15_s015,chaotic_flow,forecast,3615,800,64,2.0,2.0,2.0,0.0,0.0,0.0,0.0,60,6,5,5,0
496,duffing_g0.38_w0.99_s016,chaotic_flow,forecast,3616,800,29,0.6853345395378136,0.7274040616822921,0.8711184411451816,-0.042069522144478455,-0.1857839016073679,0.14371437946288945,0.14371437946288945,60,6,5,5,0
497,duffing_g0.33_w1.17_s017,chaotic_flow,forecast,3617,800,43,2.0,0.8315426009036989,1.0107558544627877,1.168457399096301,0.9892441455372123,0.1792132535590888,0.1792132535590888,60,6,5,5,0
498,duffing_g0.24_w1.20_s018,chaotic_flow,forecast,3618,800,109,2.0,2.0,2.0,0.0,0.0,0.0,0.0,60,6,5,5,0
499,duffing_g0.46_w1.22_s019,chaotic_flow,forecast,3619,800,47,0.1450797062228406,0.8603612346974812,0.9229544126841853,-0.7152815284746405,-0.7778747064613447,0.06259317798670416,0.06259317798670416,60,6,5,5,0
520,lorenz96_F10.01_s000,chaotic_flow,forecast,3800,800,13,1.0976006573243131,1.0153311226841684,0.9488929682522315,0.08226953464014475,0.14870768907208165,-0.0664381544319369,-0.0664381544319369,60,6,5,5,0
521,lorenz96_F6.53_s001,chaotic_flow,forecast,3801,800,14,1.130896928079094,1.5586711821507677,1.0684568705386028,-0.4277742540716738,0.06244005754049109,-0.4902143116121649,-0.4902143116121649,60,6,5,5,0
522,lorenz96_F11.60_s002,chaotic_flow,forecast,3802,800,9,0.8426126701836949,0.8899569668962974,0.915910127886603,-0.04734429671260254,-0.07329745770290808,0.025953160990305535,0.025953160990305535,60,6,5,5,0
523,lorenz96_F6.01_s003,chaotic_flow,forecast,3803,800,16,0.7260008229538057,0.9499117995571997,0.893312048212745,-0.22391097660339399,-0.16731122525893927,-0.05659975134445472,-0.05659975134445472,60,6,5,5,0
524,lorenz96_F8.27_s004,chaotic_flow,forecast,3804,800,21,1.395625131445208,1.0785481033077111,1.0353209757994268,0.31707702813749683,0.3603041556457811,-0.04322712750828428,-0.04322712750828428,60,6,5,5,0
525,lorenz96_F9.25_s005,chaotic_flow,forecast,3805,800,12,1.3127898773857067,0.9686188130784623,1.1963212456350547,0.3441710643072444,0.11646863175065203,0.2277024325565924,0.2277024325565924,60,6,5,5,0
526,lorenz96_F11.93_s006,chaotic_flow,forecast,3806,800,12,1.1988915249841623,1.2498995082546487,1.1437512219891424,-0.05100798327048639,0.05514030299501993,-0.10614828626550632,-0.10614828626550632,60,6,5,5,0
527,lorenz96_F9.12_s007,chaotic_flow,forecast,3807,800,13,0.752202352810495,1.5572411006015026,1.627111473646474,-0.8050387477910076,-0.874909120835979,0.06987037304497146,0.06987037304497146,60,6,5,5,0
528,lorenz96_F5.45_s008,chaotic_flow,forecast,3808,800,14,0.584457888576759,0.9813603811428734,0.9688280146918953,-0.39690249256611443,-0.3843701261151363,-0.012532366450978105,-0.012532366450978105,60,6,5,5,0
529,lorenz96_F9.74_s009,chaotic_flow,forecast,3809,800,14,0.7749245576520093,0.7683540671174747,0.8560017814911453,0.006570490534534623,-0.08107722383913596,0.08764771437367058,0.08764771437367058,60,6,5,5,0
530,lorenz96_F8.70_s010,chaotic_flow,forecast,3810,800,11,0.7875698929770812,1.0574278595477888,1.0239907670185286,-0.2698579665707076,-0.2364208740414474,-0.03343709252926019,-0.03343709252926019,60,6,5,5,0
531,lorenz96_F10.48_s011,chaotic_flow,forecast,3811,800,11,1.2090229526261722,1.061953460332523,0.977379683193995,0.1470694922936493,0.23164326943217717,-0.08457377713852787,-0.08457377713852787,60,6,5,5,0
532,lorenz96_F11.28_s012,chaotic_flow,forecast,3812,800,13,1.1376951974557343,1.3538062401863715,1.2946905400262563,-0.2161110427306372,-0.15699534257052195,-0.05911570016011525,-0.05911570016011525,60,6,5,5,0
533,lorenz96_F7.29_s013,chaotic_flow,forecast,3813,800,12,0.9634492173096868,0.9536976430532683,1.032645099675955,0.009751574256418483,-0.06919588236626828,0.07894745662268676,0.07894745662268676,60,6,5,5,0
534,lorenz96_F7.69_s014,chaotic_flow,forecast,3814,800,12,0.8930035546040466,1.1646819549127079,1.0157127070714929,-0.2716784003086613,-0.12270915246744629,-0.148969247841215,-0.148969247841215,60,6,5,5,0
535,lorenz96_F10.81_s015,chaotic_flow,forecast,3815,800,13,0.7302789031359191,0.7205265468862172,0.9717908626577306,0.009752356249701943,-0.24151195952181148,0.2512643157715134,0.2512643157715134,60,6,5,5,0
536,lorenz96_F6.91_s016,chaotic_flow,forecast,3816,800,12,0.8111522952690063,1.0807239558902082,0.9220078198391702,-0.26957166062120186,-0.1108555245701639,-0.15871613605103796,-0.15871613605103796,60,6,5,5,0
537,lorenz96_F5.11_s017,chaotic_flow,forecast,3817,800,19,0.5095664431071628,0.8262131271868169,0.9075000994098783,-0.31664668407965413,-0.3979336563027155,0.08128697222306136,0.08128697222306136,60,6,5,5,0
538,lorenz96_F6.18_s018,chaotic_flow,forecast,3818,800,15,0.8090868579878572,1.0313492530182298,0.9288334308591136,-0.2222623950303726,-0.11974657287125645,-0.10251582215911614,-0.10251582215911614,60,6,5,5,0
539,lorenz96_F7.89_s019,chaotic_flow,forecast,3819,800,17,1.0235268875771515,1.0855863335829816,1.3615040055863818,-0.06205944600583013,-0.33797711800923036,0.2759176720034002,0.2759176720034002,60,6,5,5,0
540,chua_alpha10.93_s000,chaotic_flow,forecast,3900,800,45,2.0,1.6332180949323742,2.0,0.36678190506762576,0.0,0.36678190506762576,0.36678190506762576,60,6,5,5,0
541,chua_alpha9.92_s001,chaotic_flow,forecast,3901,800,41,1.8274800316269872,2.0,2.0,-0.17251996837301276,-0.17251996837301276,0.0,0.0,60,6,5,5,0
542,chua_alpha10.69_s002,chaotic_flow,forecast,3902,800,74,2.0,2.0,1.7087808233152941,0.0,0.29121917668470587,-0.29121917668470587,-0.29121917668470587,60,6,5,5,0
543,chua_alpha11.10_s003,chaotic_flow,forecast,3903,800,87,2.0,2.0,2.0,0.0,0.0,0.0,0.0,60,6,5,5,0
544,chua_alpha10.09_s004,chaotic_flow,forecast,3904,800,39,2.0,1.3113491542974915,1.60700408302829,0.6886508457025085,0.3929959169717101,0.29565492873079835,0.29565492873079835,60,6,5,5,0
545,chua_alpha11.29_s005,chaotic_flow,forecast,3905,800,43,0.4079487079235029,1.325006471779494,1.0675836137825137,-0.9170577638559911,-0.6596349058590107,-0.2574228579969804,-0.2574228579969804,60,6,5,5,0
546,chua_alpha8.63_s006,chaotic_flow,forecast,3906,800,42,0.1171851619874618,0.5451528004489008,0.884374729235333,-0.427967638461439,-0.7671895672478712,0.3392219287864322,0.3392219287864322,60,6,5,5,0
547,chua_alpha8.38_s007,chaotic_flow,forecast,3907,800,40,0.1920818376090885,0.5212438679986647,0.9265301956724173,-0.32916203038957625,-0.7344483580633289,0.4052863276737526,0.4052863276737526,60,6,5,5,0
548,chua_alpha9.25_s008,chaotic_flow,forecast,3908,800,104,1.800860824194036,1.126378507429789,1.1707094646822942,0.6744823167642471,0.6301513595117418,0.04433095725250524,0.04433095725250524,60,6,5,5,0
549,chua_alpha9.44_s009,chaotic_flow,forecast,3909,800,36,0.514017561815223,0.7634875897050277,0.9310137787325797,-0.24947002788980477,-0.4169962169173568,0.167526189027552,0.167526189027552,60,6,5,5,0
550,chua_alpha8.06_s010,chaotic_flow,forecast,3910,800,41,0.2349964527188955,0.7817349538300788,1.5466045550276382,-0.5467385011111834,-1.3116081023087427,0.7648696011975593,0.7648696011975593,60,6,5,5,0
551,chua_alpha9.12_s011,chaotic_flow,forecast,3911,800,48,2.0,1.278382998320622,1.5331631446702192,0.7216170016793779,0.4668368553297808,0.2547801463495971,0.2547801463495971,60,6,5,5,0
552,chua_alpha8.41_s012,chaotic_flow,forecast,3912,800,40,0.2123264730226615,0.3818916365754486,1.3947959558142273,-0.1695651635527871,-1.1824694827915658,1.0129043192387788,1.0129043192387788,60,6,5,5,0
553,chua_alpha8.99_s013,chaotic_flow,forecast,3913,800,45,0.1777677500628737,0.9238257293494447,1.8330720115251462,-0.746057979286571,-1.6553042614622724,0.9092462821757015,0.9092462821757015,60,6,5,5,0
554,chua_alpha10.24_s014,chaotic_flow,forecast,3914,800,31,0.7208953066446298,0.9050893186114851,0.9016324707236242,-0.18419401196685536,-0.18073716407899443,-0.0034568478878609366,-0.0034568478878609366,60,6,5,5,0
555,chua_alpha11.48_s015,chaotic_flow,forecast,3915,800,36,0.4538105344814576,0.8067080570155705,0.9005431115507809,-0.3528975225341129,-0.44673257706932334,0.09383505453521046,0.09383505453521046,60,6,5,5,0
556,chua_alpha11.99_s016,chaotic_flow,forecast,3916,800,38,0.5044082483344592,0.8051716122508651,0.9489526024754289,-0.3007633639164059,-0.4445443541409697,0.1437809902245638,0.1437809902245638,60,6,5,5,0
557,chua_alpha9.73_s017,chaotic_flow,forecast,3917,800,51,1.1811525304044783,0.9025535217686278,1.0760981380913057,0.2785990086358505,0.1050543923131726,0.17354461632267792,0.17354461632267792,60,6,5,5,0
558,chua_alpha11.72_s018,chaotic_flow,forecast,3918,800,72,2.0,1.2275849192702846,1.588469729117117,0.7724150807297154,0.41153027088288296,0.36088480984683247,0.36088480984683247,60,6,5,5,0
559,chua_alpha10.56_s019,chaotic_flow,forecast,3919,800,92,2.0,2.0,2.0,0.0,0.0,0.0,0.0,60,6,5,5,0
820,mackey_glass_tau34_s000_snr5db,chaotic_flow,forecast,9000,800,10,0.8591109836453144,0.9679479726770953,0.985889039699374,-0.10883698903178096,-0.12677805605405967,0.01794106702227871,0.01794106702227871,60,6,5,5,0
821,mackey_glass_tau42_s001_snr10db,chaotic_flow,forecast,9001,800,11,1.0554884279246664,0.9290845313681718,0.8671896027426587,0.12640389655649453,0.1882988251820077,-0.06189492862551316,-0.06189492862551316,60,6,5,5,0
822,mackey_glass_tau28_s002_snr20db,chaotic_flow,forecast,9002,800,13,0.7748164001314772,1.2355662884392158,1.0274997480605785,-0.46074988830773855,-0.2526833479291013,-0.20806654037863725,-0.20806654037863725,60,6,5,5,0
823,mackey_glass_tau29_s003_snr5db,chaotic_flow,forecast,9003,800,12,0.7010198606250124,1.103491319533528,1.054307781003972,-0.40247145890851566,-0.3532879203789596,-0.04918353852955604,-0.04918353852955604,60,6,5,5,0
824,mackey_glass_tau33_s004_snr10db,chaotic_flow,forecast,9004,800,14,0.5013520019203314,0.9852683593344196,0.9258467344892519,-0.4839163574140882,-0.42449473256892056,-0.059421624845167664,-0.059421624845167664,60,6,5,5,0
825,mackey_glass_tau38_s005_snr20db,chaotic_flow,forecast,9005,800,14,0.7418126181565847,0.887417253339067,0.9844725732931524,-0.14560463518248223,-0.24265995513656768,0.09705531995408545,0.09705531995408545,60,6,5,5,0
826,mackey_glass_tau17_s006_snr5db,chaotic_flow,forecast,9006,800,8,0.7301319564687491,0.8490828764935893,0.9304302618562946,-0.1189509200248402,-0.20029830538754556,0.08134738536270536,0.08134738536270536,60,6,5,5,0
827,mackey_glass_tau19_s007_snr10db,chaotic_flow,forecast,9007,800,10,0.4480995177117964,0.9608268911920645,1.0314170268163734,-0.5127273734802682,-0.583317509104577,0.07059013562430883,0.07059013562430883,60,6,5,5,0
828,mackey_glass_tau20_s008_snr20db,chaotic_flow,forecast,9008,800,11,0.5177236794451061,0.8450169325082398,1.2896036632714425,-0.3272932530631337,-0.7718799838263364,0.44458673076320265,0.44458673076320265,60,6,5,5,0
829,mackey_glass_tau31_s009_snr5db,chaotic_flow,forecast,9009,800,12,0.9464113265739196,1.0031604759001906,1.0119872456925223,-0.056749149326271064,-0.06557591911860272,0.008826769792331657,0.008826769792331657,60,6,5,5,0
830,mackey_glass_tau21_s010_snr10db,chaotic_flow,forecast,9010,800,10,0.7653066709351396,0.892696033887267,0.9905688982423276,-0.12738936295212744,-0.22526222730718803,0.0978728643550606,0.0978728643550606,60,6,5,5,0
831,mackey_glass_tau16_s011_snr20db,chaotic_flow,forecast,9011,800,9,0.3010564691199198,0.724069195359462,0.9952784604379961,-0.4230127262395422,-0.6942219913180763,0.27120926507853405,0.27120926507853405,60,6,5,5,0
832,mackey_glass_tau37_s012_snr5db,chaotic_flow,forecast,9012,800,14,0.8205255155486737,0.936229378382816,1.0411409121738717,-0.11570386283414225,-0.22061539662519802,0.10491153379105578,0.10491153379105578,60,6,5,5,0
833,mackey_glass_tau39_s013_snr10db,chaotic_flow,forecast,9013,800,14,0.9509338203080472,1.099118927838769,1.1359764972948212,-0.14818510753072178,-0.185042676986774,0.03685756945605223,0.03685756945605223,60,6,5,5,0
834,mackey_glass_tau27_s014_snr20db,chaotic_flow,forecast,9014,800,12,0.5661694767039389,0.9330659289094382,0.9302672388898781,-0.36689645220549927,-0.36409776218593914,-0.002798690019560124,-0.002798690019560124,60,6,5,5,0
835,mackey_glass_tau25_s015_snr5db,chaotic_flow,forecast,9015,800,11,0.7769414469642514,0.9830235942106418,0.9526677848727927,-0.2060821472463904,-0.1757263379085413,-0.030355809337849093,-0.030355809337849093,60,6,5,5,0
836,mackey_glass_tau36_s016_snr10db,chaotic_flow,forecast,9016,800,16,1.0716700403288038,0.9082118556877512,1.2235368323769815,0.16345818464105255,-0.15186679204817777,0.3153249766892303,0.3153249766892303,60,6,5,5,0
837,mackey_glass_tau23_s017_snr20db,chaotic_flow,forecast,9017,800,12,0.8479330782795211,0.7679298087112937,0.9803025954832992,0.08000326956822745,-0.1323695172037781,0.21237278677200555,0.21237278677200555,60,6,5,5,0
838,mackey_glass_tau42_s018_snr5db,chaotic_flow,forecast,9018,800,14,1.1966964710742454,1.2334340471388345,1.1199377137150475,-0.03673757606458916,0.0767587573591979,-0.11349633342378707,-0.11349633342378707,60,6,5,5,0
839,mackey_glass_tau45_s019_snr10db,chaotic_flow,forecast,9019,800,16,0.8864640703723725,1.1551428065207205,1.0097778781079292,-0.26867873614834803,-0.12331380773555667,-0.14536492841279136,-0.14536492841279136,60,6,5,5,0
840,lorenz63_rho30.09_s000_snr20db,chaotic_flow,forecast,9020,800,15,0.7876014036434856,0.9179515365861676,0.6548794552095577,-0.13035013294268194,0.13272194843392793,-0.26307208137660987,-0.26307208137660987,60,6,5,5,0
841,lorenz63_rho43.24_s001_snr5db,chaotic_flow,forecast,9021,800,11,0.9376573733864548,0.9676239111798333,0.9806963283350194,-0.029966537793378434,-0.04303895494856458,0.013072417155186145,0.013072417155186145,60,6,5,5,0
842,lorenz63_rho23.42_s002_snr10db,chaotic_flow,forecast,9022,800,7,0.4001479067665084,0.8699615546874743,1.0157540935544438,-0.46981364792096586,-0.6156061867879354,0.14579253886696952,0.14579253886696952,60,6,5,5,0
843,lorenz63_rho44.69_s003_snr20db,chaotic_flow,forecast,9023,800,15,1.0797913347018793,0.9696821670031633,0.8373405672705809,0.11010916769871593,0.24245076743129834,-0.13234159973258242,-0.13234159973258242,60,6,5,5,0
844,lorenz63_rho30.88_s004_snr5db,chaotic_flow,forecast,9024,800,12,1.0094522314818613,0.9632375964917373,1.0632434527524524,0.046214634990123904,-0.053791221270591105,0.10000585626071501,0.10000585626071501,60,6,5,5,0
845,lorenz63_rho35.53_s005_snr10db,chaotic_flow,forecast,9025,800,12,1.043378411181369,0.9679484326145056,0.9112063034172598,0.07542997856686351,0.13217210776410926,-0.05674212919724575,-0.05674212919724575,60,6,5,5,0
846,lorenz63_rho40.97_s006_snr20db,chaotic_flow,forecast,9026,800,12,1.082675035078192,2.0,1.130642366942648,-0.917324964921808,-0.04796733186445601,-0.869357633057352,-0.869357633057352,60,6,5,5,0
847,lorenz63_rho27.93_s007_snr5db,chaotic_flow,forecast,9027,800,11,1.003658419412639,0.924395394488509,0.9331197319206469,0.07926302492412995,0.0705386874919921,0.008724337432137852,0.008724337432137852,60,6,5,5,0
848,lorenz63_rho28.87_s008_snr10db,chaotic_flow,forecast,9028,800,11,0.9152781397110707,0.814274016382804,0.8017890450698508,0.1010041233282668,0.11348909464121992,-0.01248497131295312,-0.01248497131295312,60,6,5,5,0
849,lorenz63_rho24.81_s009_snr20db,chaotic_flow,forecast,9029,800,14,2.0,1.0167806213421524,0.9541648387944914,0.9832193786578476,1.0458351612055086,-0.06261578254766098,-0.06261578254766098,60,6,5,5,0
850,lorenz63_rho38.13_s010_snr5db,chaotic_flow,forecast,9030,800,15,1.1189701275740416,1.068033307443245,1.0707698617293406,0.05093682013079648,0.04820026584470094,0.0027365542860955383,0.0027365542860955383,60,6,5,5,0
851,lorenz63_rho45.82_s011_snr10db,chaotic_flow,forecast,9031,800,11,0.9684626565055688,1.037894391859175,0.9562590019985192,-0.06943173535360614,0.012203654507049633,-0.08163538986065577,-0.08163538986065577,60,6,5,5,0
852,lorenz63_rho37.08_s012_snr20db,chaotic_flow,forecast,9032,800,15,1.2741977253724357,0.9280446212024491,1.0887511105546617,0.34615310416998657,0.18544661481777402,0.16070648935221254,0.16070648935221254,60,6,5,5,0
853,lorenz63_rho32.00_s013_snr5db,chaotic_flow,forecast,9033,800,11,1.1382625051858677,0.9176622331460613,1.0669971325505947,0.22060027203980637,0.071265372635273,0.14933489940453337,0.14933489940453337,60,6,5,5,0
854,lorenz63_rho39.49_s014_snr10db,chaotic_flow,forecast,9034,800,13,0.8478536195416971,1.020667323514848,0.9332816833920561,-0.17281370397315088,-0.08542806385035895,-0.08738564012279193,-0.08738564012279193,60,6,5,5,0
855,lorenz63_rho26.04_s015_snr20db,chaotic_flow,forecast,9035,800,14,0.918297661824842,0.6936726286894548,1.065332024636131,0.22462503313538718,-0.14703436281128912,0.3716593959466763,0.3716593959466763,60,6,5,5,0
856,lorenz63_rho32.84_s016_snr5db,chaotic_flow,forecast,9036,800,11,1.0180301184268752,0.9783895086636927,1.0284516156467762,0.03964060976318251,-0.010421497219901044,0.050062106983083554,0.050062106983083554,60,6,5,5,0
857,lorenz63_rho34.38_s017_snr10db,chaotic_flow,forecast,9037,800,12,0.8847202862766639,0.8932545120785836,0.9760647214870406,-0.00853422580191976,-0.09134443521037672,0.08281020940845696,0.08281020940845696,60,6,5,5,0
858,lorenz63_rho41.93_s018_snr20db,chaotic_flow,forecast,9038,800,12,0.9722937167174972,0.8044934150003228,1.1463185631582327,0.16780030171717442,-0.17402484644073546,0.3418251481579099,0.3418251481579099,60,6,5,5,0
859,lorenz63_rho22.98_s019_snr5db,chaotic_flow,forecast,9039,800,6,0.7196433270617518,1.0634926209562774,0.9950762772886574,-0.34384929389452557,-0.2754329502269056,-0.06841634366761995,-0.06841634366761995,60,6,5,5,0
860,logistic_r3.7811_s000_snr10db,chaotic_map,forecast,9040,800,2,0.9595791215078932,0.8324630867924369,0.7093601005908414,0.1271160347154563,0.2502190209170517,-0.12310298620159543,-0.12310298620159543,60,6,5,5,0
861,logistic_r3.7298_s001_snr20db,chaotic_map,forecast,9041,800,3,0.8526022133771088,0.6405062835702842,0.5657452924484788,0.21209592980682468,0.28685692092863,-0.07476099112180534,-0.07476099112180534,60,6,5,5,0
862,logistic_r3.9605_s002_snr5db,chaotic_map,forecast,9042,800,1,0.5462263043514973,0.9233412786610367,0.9646969777427342,-0.37711497430953933,-0.4184706733912369,0.04135569908169756,0.04135569908169756,60,6,5,5,0
863,logistic_r3.9984_s003_snr10db,chaotic_map,forecast,9043,800,1,1.0466867881575983,0.7883576028656942,0.8084008881319019,0.2583291852919041,0.23828590002569638,0.02004328526620769,0.02004328526620769,60,6,5,5,0
864,logistic_r3.8279_s004_snr20db,chaotic_map,forecast,9044,800,2,0.8781877093152335,0.6592715285619987,0.3267023388089874,0.21891618075323482,0.5514853705062461,-0.33256918975301125,-0.33256918975301125,60,6,5,5,0
865,logistic_r3.9325_s005_snr5db,chaotic_map,forecast,9045,800,1,0.9987171867739189,0.8486688126225864,0.8341603537495408,0.15004837415133243,0.16455683302437807,-0.014508458873045638,-0.014508458873045638,60,6,5,5,0
866,logistic_r3.8640_s006_snr10db,chaotic_map,forecast,9046,800,2,0.925338955857495,0.8922190072886723,0.8339847341571921,0.03311994856882272,0.09135422170030294,-0.05823427313148022,-0.05823427313148022,60,6,5,5,0
867,logistic_r3.6165_s007_snr20db,chaotic_map,forecast,9047,800,186,0.3444128348419848,0.3919557061443249,0.36843396164968795,-0.047542871302340084,-0.02402112680770313,-0.023521744494636954,-0.023521744494636954,60,6,5,5,0
868,logistic_r3.6226_s008_snr5db,chaotic_map,forecast,9048,800,186,0.6016878538768152,0.7181820996339181,0.7132346555276542,-0.11649424575710288,-0.11154680165083897,-0.00494744410626391,-0.00494744410626391,60,6,5,5,0
869,logistic_r3.6491_s009_snr10db,chaotic_map,forecast,9049,800,186,0.5623568813563334,0.7042085430460503,0.71651508832321,-0.14185166168971686,-0.15415820696687654,0.012306545277159686,0.012306545277159686,60,6,5,5,0
870,logistic_r3.9420_s010_snr20db,chaotic_map,forecast,9050,800,1,0.904116646230582,0.588563748065486,0.47780604670242655,0.315552898165096,0.4263105995281554,-0.1107577013630594,-0.1107577013630594,60,6,5,5,0
871,logistic_r3.7705_s011_snr5db,chaotic_map,forecast,9051,800,2,0.9056694497541548,0.9234833527563835,0.8768164972845636,-0.017813903002228737,0.028852952469591187,-0.046666855471819924,-0.046666855471819924,60,6,5,5,0
872,logistic_r3.6714_s012_snr10db,chaotic_map,forecast,9052,800,186,0.6560574132925544,0.7224418051702758,0.712841572530275,-0.06638439187772138,-0.05678415923772062,-0.009600232640000761,-0.009600232640000761,60,6,5,5,0
873,logistic_r3.7042_s013_snr20db,chaotic_map,forecast,9053,800,4,0.907212984768997,0.7056330624277335,0.7708288559090625,0.20157992234126354,0.13638412885993456,0.06519579348132898,0.06519579348132898,60,6,5,5,0
874,logistic_r3.8803_s014_snr5db,chaotic_map,forecast,9054,800,1,0.8546772566572516,0.8505287085014913,0.81208396718962,0.004148548155760268,0.042593289467631634,-0.03844474131187137,-0.03844474131187137,60,6,5,5,0
875,logistic_r3.8526_s015_snr10db,chaotic_map,forecast,9055,800,101,0.3241476411089142,0.590742112445223,0.7583037164082603,-0.2665944713363088,-0.43415607529934613,0.16756160396303732,0.16756160396303732,60,6,5,5,0
876,logistic_r3.7406_s016_snr20db,chaotic_map,forecast,9056,800,2,0.1149517907295473,0.554862931620997,0.21258979263299957,-0.43991114089144967,-0.09763800190345227,-0.3422731389879974,-0.3422731389879974,60,6,5,5,0
877,logistic_r3.9014_s017_snr5db,chaotic_map,forecast,9057,800,1,0.8612614496851894,0.7937341419479681,0.7890068871085706,0.06752730773722126,0.07225456257661877,-0.00472725483939751,-0.00472725483939751,60,6,5,5,0
878,logistic_r3.6964_s018_snr10db,chaotic_map,forecast,9058,800,7,0.9424782710388532,0.9752699662832812,1.00462471099297,-0.03279169524442804,-0.06214643995411684,0.029354744709688796,0.029354744709688796,60,6,5,5,0
879,logistic_r3.8078_s019_snr20db,chaotic_map,forecast,9059,800,2,0.8956880786263403,0.6247593174722732,0.37560645777293433,0.27092876115406705,0.5200816208534059,-0.24915285969933887,-0.24915285969933887,60,6,5,5,0
